county_label,month,housing_burden,price_income_ratio,total_county_invoice_count,total_county_invoice_amount,donation_count,donation_ratio,carrier_usage_ratio,n_active_industries,industry_hhi,date,year,month_num,month_sin,month_cos,avg_invoice_value,log_total_count,log_total_amount,county_type,donation_seasonal,donation_trend,donation_ratio_lag1,donation_ratio_lag2,donation_ratio_lag3,donation_ratio_roll3,county_name
1,2019-01,39.97,0.28,71712735,43207280539,142706,0.0019899673328593,0.1620706280411701,66.0,0.5447828343923057,2019-01-01,2019,1,0.49999999999999994,0.8660254037844387,602.5049879773794,18.088178918805447,24.48927484901524,metropolitan,-0.000998700184198313,0.0029957532932610854,,,,,台中市
1,2019-02,39.97,0.28,65231607,37505004795,120008,0.0018397216551786,0.1508419837027777,67.0,0.5534276010851141,2019-02-01,2019,2,0.8660254037844386,0.5000000000000001,574.9514157301077,17.993454694702535,24.347740222244287,metropolitan,-0.0010148377985937619,0.0028611077339040325,0.0019899673328593,,,0.0019899673328593,台中市
1,2019-03,39.97,0.28,72328601,40660278165,145434,0.0020107398455003,0.17059225298716893,67.0,0.5405300864204319,2019-03-01,2019,3,1.0,6.123233995736766e-17,562.1604400311849,18.096730210559038,24.42851748639227,metropolitan,-0.0007209305978692268,0.0027264267503761745,0.0018397216551786,0.0019899673328593,,0.00191484449401895,台中市
1,2019-04,38.0,-0.48,72288137,43247205931,152179,0.0021051725264409,0.17039916245178652,70.0,0.546451613083868,2019-04-01,2019,4,0.8660254037844387,-0.49999999999999983,598.2614537569283,18.09617060727859,24.49019846550913,metropolitan,-0.0004937260196314204,0.0025917195099233585,0.0020107398455003,0.0018397216551786,0.0019899673328593,0.0019468096111794001,台中市
1,2019-05,38.0,-0.48,74486109,42679292127,160900,0.0021601343144397,0.17174870820544538,68.0,0.5525469483284202,2019-05-01,2019,5,0.49999999999999994,-0.8660254037844387,572.9832407677518,18.12612322301412,24.476979677675413,metropolitan,-0.0002928450738920456,0.002456991694884107,0.0021051725264409,0.0020107398455003,0.0018397216551786,0.001985211342373267,台中市
1,2019-06,38.0,-0.48,75090950,42683972535,157568,0.0020983620529504,0.16970477800587155,69.0,0.5497472952019931,2019-06-01,2019,6,1.2246467991473532e-16,-1.0,568.4303173018852,18.134210616798107,24.477089336274414,metropolitan,-0.00023328997602082085,0.0023222420060450564,0.0021601343144397,0.0021051725264409,0.0020107398455003,0.002092015562126967,台中市
1,2019-07,38.49,0.12,78733016,46616790761,179854,0.0022843529835056,0.1760148753859499,70.0,0.535958788544932,2019-07-01,2019,7,-0.4999999999999998,-0.8660254037844388,592.0869430557569,18.181573155269813,24.565226629960623,metropolitan,9.274773777350975e-05,0.0021874612116846784,0.0020983620529504,0.0021601343144397,0.0021051725264409,0.0021212229646103333,台中市
1,2019-08,38.49,0.12,76380703,45318671766,178413,0.0023358386738074,0.17729036874667153,71.0,0.5371642635236078,2019-08-01,2019,8,-0.8660254037844384,-0.5000000000000004,593.3261934758574,18.1512406567917,24.536984964799416,metropolitan,0.0002865350721332663,0.0020526178574543637,0.0022843529835056,0.0020983620529504,0.0021601343144397,0.0021809497836319,台中市
1,2019-09,38.49,0.12,75745879,47325869761,176978,0.002336470344479,0.18486074998218716,68.0,0.5472849001909068,2019-09-01,2019,9,-1.0,-1.8369701987210297e-16,624.7979478989214,18.14289461143565,24.580322912362085,metropolitan,0.0004134698155637791,0.0019176363068766954,0.0023358386738074,0.0022843529835056,0.0020983620529504,0.0022395179034211334,台中市
1,2019-10,40.16,0.41,78351700,51620832297,181808,0.002320409129604,0.19562702532299875,69.0,0.5472779604860626,2019-10-01,2019,10,-0.8660254037844386,0.5000000000000001,658.8348727213322,18.176718236805048,24.667191154663655,metropolitan,0.0005400872099588956,0.0017823528753456372,0.002336470344479,0.0023358386738074,0.0022843529835056,0.0023188873339306665,台中市
1,2019-11,40.16,0.41,73028913,45704700995,177025,0.0024240399141638,0.19334347753471287,68.0,0.5456224397324041,2019-11-01,2019,11,-0.5000000000000004,0.8660254037844384,625.8439173947447,18.106366002884602,24.545466995989443,metropolitan,0.0007790227863559051,0.0016464306545364415,0.002320409129604,0.002336470344479,0.0023358386738074,0.0023309060492968,台中市
1,2019-12,40.16,0.41,74245183,49894549054,178820,0.0024085064212179,0.20378080285693417,70.0,0.5354352540008308,2019-12-01,2019,12,-2.4492935982947064e-16,1.0,672.0240564832334,18.122883471590594,24.633177596362298,metropolitan,0.0008995810841636163,0.0015097188589886076,0.0024240399141638,0.002320409129604,0.002336470344479,0.002360306462748933,台中市
1,2020-01,40.99,0.21,76911864,52602481372,0,0.0,0.18719964971854017,70.0,0.5382910329478505,2020-01-01,2020,1,0.49999999999999994,0.8660254037844387,683.9319532289583,18.158170713861583,24.686029129969032,metropolitan,-0.0007210799201322238,0.0013732375363235331,0.0024085064212179,0.0024240399141638,0.002320409129604,0.0023843184883285667,台中市
1,2022-01,45.08,0.38,149452312,144981352105,256981,0.001719484941792,0.3523114650779039,76.0,0.49365223421845306,2022-01-01,2022,1,0.49999999999999994,0.8660254037844387,970.0843711604809,18.822487923322534,25.699870964930987,metropolitan,-0.00024956402873554956,0.0016866352432265087,,,,,台中市
1,2022-02,45.08,0.38,131029857,114998053736,230395,0.0017583397042095,0.35901093137879253,78.0,0.48780645656547805,2022-02-01,2022,2,0.8660254037844386,0.5000000000000001,877.6477084608281,18.690935778858897,25.46818104114036,metropolitan,-0.0003815111487948313,0.0017356831890317896,0.001719484941792,,,0.001719484941792,台中市
1,2022-03,45.08,0.38,157067024,139911669230,286630,0.001824889736244,0.37728000754633256,77.0,0.4794886143589527,2022-03-01,2022,3,1.0,6.123233995736766e-17,890.7768522436638,18.872183183040107,25.664277126368773,metropolitan,1.2070211598308389e-05,0.0017839809795820378,0.0017583397042095,0.001719484941792,,0.0017389123230007499,台中市
1,2022-04,45.54,-0.13,149507303,130139513915,277092,0.0018533676578996,0.3833903618741621,78.0,0.4945086726694271,2022-04-01,2022,4,0.8660254037844387,-0.49999999999999983,870.4558995021133,18.822855805788883,25.591872895920982,metropolitan,-2.7551900842276386e-05,0.0018287141246819505,0.001824889736244,0.0017583397042095,0.001719484941792,0.0017675714607485,台中市
1,2022-05,45.54,-0.13,141291739,119125865492,280931,0.0019883044966981,0.395608005079476,77.0,0.49312479731776354,2022-05-01,2022,5,0.49999999999999994,-0.8660254037844387,843.1198195670873,18.76633738876277,25.50344646431306,metropolitan,0.00013360170178321684,0.0018693568819036668,0.0018533676578996,0.001824889736244,0.0017583397042095,0.0018121990327843666,台中市
1,2022-06,45.54,-0.13,148364373,132672033530,285368,0.0019234267245546,0.39630376761677144,78.0,0.49328162400511777,2022-06-01,2022,6,1.2246467991473532e-16,-1.0,894.2310801933561,18.815181792491323,25.611146006495765,metropolitan,-2.2927116638601185e-05,0.0019078437276788959,0.0019883044966981,0.0018533676578996,0.001824889736244,0.0018888539636138998,台中市
1,2022-07,46.96,0.2,165914819,135270415892,318026,0.001916802862558,0.3931059648143907,78.0,0.5003543281728822,2022-07-01,2022,7,-0.4999999999999998,-0.8660254037844388,815.3003855068546,18.926985082093147,25.630541692582597,metropolitan,-1.3273125467348262e-05,0.0019445171022695943,0.0019234267245546,0.0019883044966981,0.0018533676578996,0.0019216996263841,台中市
1,2022-08,46.96,0.2,165064677,141148727404,323380,0.0019591108520449,0.403951391732345,79.0,0.4947810335875937,2022-08-01,2022,8,-0.8660254037844384,-0.5000000000000004,855.1116445343422,18.921847942936466,25.6730799757002,metropolitan,8.513781793922119e-06,0.00197826199825612,0.001916802862558,0.0019234267245546,0.0019883044966981,0.0019428446946035665,台中市
1,2022-09,46.96,0.2,160778652,152245269523,309517,0.0019251125454143,0.40811893982044334,77.0,0.5049140375620522,2022-09-01,2022,9,-1.0,-1.8369701987210297e-16,946.9246546674617,18.895539150921294,25.748758672603802,metropolitan,-9.53849445754055e-05,0.002042161842649216,0.0019591108520449,0.001916802862558,0.0019234267245546,0.0019331134797191667,台中市
1,2022-10,46.53,-0.23,167958564,152483384552,319335,0.0019012725067118,0.42256273993864346,78.0,0.5007801047860184,2022-10-01,2022,10,-0.8660254037844386,0.5000000000000001,907.8631117136724,18.939227870042888,25.750321473307167,metropolitan,1.572403173796179e-05,0.0022605153187021604,0.0019251125454143,0.0019591108520449,0.001916802862558,0.0019336754200057335,台中市
1,2022-11,46.53,-0.23,161576975,151955316255,316357,0.0019579336721708,0.4288430761870619,77.0,0.496058628878733,2022-11-01,2022,11,-0.5000000000000004,0.8660254037844384,940.4515479696287,18.90049221865318,25.74685234257445,metropolitan,0.0003364923535538379,0.0025148426825253077,0.0019012725067118,0.0019251125454143,0.0019591108520449,0.0019284986347236667,台中市
1,2022-12,46.53,-0.23,164673797,153249842618,343078,0.0020833794219246,0.4373085962182557,78.0,0.4954572132985696,2022-12-01,2022,12,-2.4492935982947064e-16,1.0,930.6267627872818,18.919477093238644,25.75533538480625,metropolitan,-0.00022086435418264798,0.0027067096851994023,0.0019579336721708,0.0019012725067118,0.0019251125454143,0.0019281062414323001,台中市
1,2023-01,48.08,0.23,79677197,61932685158,343768,0.004314509206442,0.4379975866871923,75.0,0.5026294749871402,2023-01-01,2023,1,0.49999999999999994,0.8660254037844387,777.294978863275,18.19349400495964,24.849313908925126,metropolitan,-7.373533568437438e-05,0.00286024489724931,0.0020833794219246,0.0019579336721708,0.0019012725067118,0.0019808618669357333,台中市
1,2023-02,48.08,0.23,73104315,55856105396,324287,0.0044359488218992,0.46050819298423085,78.0,0.47936149221373975,2023-02-01,2023,2,0.8660254037844386,0.5000000000000001,764.0603074661188,18.107397965384735,24.746044674248733,metropolitan,-0.00041535854506476595,0.0030012097464488852,0.004314509206442,0.0020833794219246,0.0019579336721708,0.002785274100179133,台中市
1,2023-03,48.08,0.23,82294468,62042629620,373026,0.0045328198731414,0.47146549388957715,76.0,0.4883731981718798,2023-03-01,2023,3,1.0,6.123233995736766e-17,753.910088099725,18.225814458042624,24.85108756025269,metropolitan,0.0002551461827061932,0.0031441391441973635,0.0044359488218992,0.004314509206442,0.0020833794219246,0.0036112791500885998,台中市
1,2023-04,49.53,0.21,80874752,61000234197,370713,0.0045837914903281,0.4721072158589123,78.0,0.49360251696554236,2023-04-01,2023,4,0.8660254037844387,-0.49999999999999983,754.2555950836177,18.20841225668485,24.834143540423828,metropolitan,0.00010094704284121519,0.003296806919677138,0.0045328198731414,0.0044359488218992,0.004314509206442,0.0044277593004942,台中市
1,2023-05,49.53,0.21,85198748,64115660870,401854,0.0047166655547567,0.48043285800396973,76.0,0.4899190977507306,2023-05-01,2023,5,0.49999999999999994,-0.8660254037844387,752.5422893538295,18.260497308593155,24.883954490392295,metropolitan,0.00029772875164938155,0.003476362059067531,0.0045837914903281,0.0045328198731414,0.0044359488218992,0.004517520061789567,台中市
1,2023-06,49.53,0.21,84062205,65610632093,379897,0.0045192366771725,0.48393560459186147,77.0,0.4916444263031938,2023-06-01,2023,6,1.2246467991473532e-16,-1.0,780.5009646487384,18.247067630356547,24.907003594367442,metropolitan,3.204166168304645e-05,0.0037019613462312808,0.0047166655547567,0.0045837914903281,0.0045328198731414,0.0046110923060754,台中市
1,2023-07,50.32,0.19,88352324,70328709782,344676,0.0039011537489381,0.48701504444863275,77.0,0.48934349431899704,2023-07-01,2023,7,-0.4999999999999998,-0.8660254037844388,796.0029413827303,18.2968430721732,24.976445941911088,metropolitan,-1.8222697627375223e-05,0.0038986816988030026,0.0045192366771725,0.0047166655547567,0.0045837914903281,0.004606564574085766,台中市
1,2023-08,50.32,0.19,88242545,76234593126,343186,0.0038891217382726,0.49555016800569385,78.0,0.4871981707326908,2023-08-01,2023,8,-0.8660254037844384,-0.5000000000000004,863.9210612749213,18.29559978562111,25.057081174666777,metropolitan,-0.00013031083085477042,0.00401219960019639,0.0039011537489381,0.0045192366771725,0.0047166655547567,0.0043790186602891,台中市
1,2023-09,50.32,0.19,84609265,79367961898,348169,0.0041150221550795,0.4965748018257811,77.0,0.4988495716123206,2023-09-01,2023,9,-1.0,-1.8369701987210297e-16,938.0528467892966,18.253554345765547,25.097360621238963,metropolitan,1.2295168913979453e-05,0.004110489212427813,0.0038891217382726,0.0039011537489381,0.0045192366771725,0.004103170721461067,台中市
1,2023-10,50.24,0.0,88351290,79560793764,367323,0.0041575284299753,0.5099923611754849,77.0,0.4942746927717847,2023-10-01,2023,10,-0.8660254037844386,0.5000000000000001,900.5051738803135,18.296831368960515,25.09978726781806,metropolitan,-4.533116755312337e-05,0.004209338965815211,0.0041150221550795,0.0038891217382726,0.0039011537489381,0.003968432547430067,台中市
1,2023-11,50.24,0.0,84398456,79056862842,370087,0.004384997280045,0.5132258817625763,77.0,0.4958521343140014,2023-11-01,2023,11,-0.5000000000000004,0.8660254037844384,936.7098237199979,18.251059677408545,25.093433213316796,metropolitan,8.156559798600141e-05,0.004308632811901493,0.0041575284299753,0.0041150221550795,0.0038891217382726,0.004053890774442467,台中市
1,2023-12,50.24,0.0,87034319,89612961117,375113,0.0043099435292875,0.5182566086373354,77.0,0.48779648960888256,2023-12-01,2023,12,-2.4492935982947064e-16,1.0,1029.6278772170322,18.28181308158961,25.218765801800544,metropolitan,-0.00048472024571275196,0.004408314806941826,0.004384997280045,0.0041575284299753,0.0041150221550795,0.004219182621699933,台中市
1,2024-01,52.76,0.59,84537776,81406613873,387540,0.0045842227976283,0.5237582663636668,77.0,0.48205497452737267,2024-01-01,2024,1,0.49999999999999994,0.8660254037844387,962.9613851327246,18.252709057512337,25.122722358177523,metropolitan,7.842797139845076e-05,0.004508451490677197,0.0043099435292875,0.004384997280045,0.0041575284299753,0.004284156413102601,台中市
1,2024-02,52.76,0.59,79776643,70589587990,330227,0.0041393945343125,0.5243273648403581,77.0,0.4866954641003562,2024-02-01,2024,2,0.8660254037844386,0.5000000000000001,884.8402907853618,18.194741337876128,24.980148491688507,metropolitan,-0.0004692389859627309,0.004610018520305873,0.0045842227976283,0.0043099435292875,0.004384997280045,0.004426387868986934,台中市
1,2024-03,52.76,0.59,86498675,79570402030,448145,0.005180946413341,0.5399294844689817,77.0,0.4813749458743552,2024-03-01,2024,3,1.0,6.123233995736766e-17,919.9031318109786,18.27563966542658,25.099908026868018,metropolitan,0.00047999872033268324,0.004712288741294802,0.0041393945343125,0.0045842227976283,0.0043099435292875,0.0043445202870761,台中市
1,2024-04,54.83,0.36,86254094,75798015035,432473,0.0050139417150448,0.545963870422197,77.0,0.48550074541585614,2024-04-01,2024,4,0.8660254037844387,-0.49999999999999983,878.7758530626963,18.272808091009555,25.051337942391697,metropolitan,0.00021377825667653563,0.004814759926460899,0.005180946413341,0.0041393945343125,0.0045842227976283,0.0046348545817606,台中市
1,2024-05,54.83,0.36,90060500,84694887663,483608,0.0053698125149205,0.5495887209153847,78.0,0.4887002343505088,2024-05-01,2024,5,0.49999999999999994,-0.8660254037844387,940.4221347094453,18.315992235780254,25.162321078624586,metropolitan,0.0004508145884569727,0.0049173090585348704,0.0050139417150448,0.005180946413341,0.0041393945343125,0.004778094220899433,台中市
1,2024-06,54.83,0.36,89141438,86495357643,453414,0.005086455975727,0.5513645068189275,77.0,0.4873132577798228,2024-06-01,2024,6,1.2246467991473532e-16,-1.0,970.3159336850725,18.305734868498,25.18335658058853,metropolitan,7.705106114711561e-05,0.0050199173218590035,0.0053698125149205,0.0050139417150448,0.005180946413341,0.005188233547768767,台中市
1,2024-07,56.17,0.3,91691044,84697520756,465035,0.0050717603346298,0.5552132441637375,77.0,0.4854092898894359,2024-07-01,2024,7,-0.4999999999999998,-0.8660254037844388,923.7273027014503,18.333935277060057,25.16235216730235,metropolitan,-3.703818285457707e-05,0.005122585643798289,0.005086455975727,0.0053698125149205,0.0050139417150448,0.005156736735230766,台中市
1,2024-08,56.17,0.3,93106666,82965009692,460747,0.0049485930470327,0.5587615606384188,77.0,0.4821285122881532,2024-08-01,2024,8,-0.8660254037844384,-0.5000000000000004,891.0748634474786,18.349256350854123,25.141684785893556,metropolitan,-0.00027482502733527177,0.005225324626414917,0.0050717603346298,0.005086455975727,0.0053698125149205,0.005176009608425767,台中市
1,2024-09,56.17,0.3,89818250,97948651112,532225,0.0059255774856446,0.5627842559836114,77.0,0.48674616249650543,2024-09-01,2024,9,-1.0,-1.8369701987210297e-16,1090.5205914388223,18.31329875315639,25.307709210062963,metropolitan,0.00011934078458410418,0.005328150503394136,0.0049485930470327,0.0050717603346298,0.005086455975727,0.005035603119129833,台中市
1,2024-10,56.26,-0.01,92201499,90631918013,491760,0.0053335358463098,0.5749962047797076,78.0,0.48848016555613405,2024-10-01,2024,10,-0.8660254037844386,0.5000000000000001,982.976621811756,18.339486957374962,25.23007228391396,metropolitan,-0.00010580583773689573,0.005431078193739839,0.0059255774856446,0.0049485930470327,0.0050717603346298,0.005315310289102367,台中市
1,2024-11,56.26,-0.01,89130853,88770731615,478771,0.0053715518688012,0.5751253160339439,78.0,0.48511738686294215,2024-11-01,2024,11,-0.5000000000000004,0.8660254037844384,995.95963268746,18.30561611757115,25.209322833695953,metropolitan,-0.00017199876223866355,0.005534118239732538,0.0053335358463098,0.0059255774856446,0.0049485930470327,0.0054025687929957,台中市
1,2024-12,56.26,-0.01,91332297,101421057010,447626,0.0049010702095886,0.5811966165703684,77.0,0.4789312833617111,2024-12-01,2024,12,-2.4492935982947064e-16,1.0,1110.4621294042347,18.33001503985356,25.342546569374928,metropolitan,-0.0007468024392489219,0.005637273052369933,0.0053715518688012,0.0053335358463098,0.0059255774856446,0.005543555066918533,台中市
2,2019-01,58.07,0.29,130293075,112713025530,2128272,0.0163344982072147,0.3494237203320284,80.0,0.3550256385827416,2019-01-01,2019,1,0.49999999999999994,0.8660254037844387,865.0730326995506,18.685296901772944,25.44811082834114,metropolitan,-0.004771782534574499,0.021108762766913897,,,,,台北市
2,2019-02,58.07,0.29,110385438,84424427124,1832165,0.0165978867611142,0.3435130818613955,79.0,0.352726600432849,2019-02-01,2019,2,0.8660254037844386,0.5000000000000001,764.8148945515802,18.519488789992664,25.15912261758649,metropolitan,-0.0037475856589977235,0.020350935210006423,0.0163344982072147,,,0.0163344982072147,台北市
2,2019-03,58.07,0.29,129442794,97672287376,2193723,0.0169474323924126,0.3558907342497567,80.0,0.34948680106014773,2019-03-01,2019,3,1.0,6.123233995736766e-17,754.5594803523787,18.678749604057398,25.30488370557459,metropolitan,-0.0026760125636326633,0.0195930289296964,0.0165978867611142,0.0163344982072147,,0.01646619248416445,台北市
2,2019-04,59.25,0.3,127861544,100988727768,2066611,0.0161628816245172,0.353038338094838,80.0,0.35901585631546984,2019-04-01,2019,4,0.8660254037844387,-0.49999999999999983,789.828783609871,18.66645855675871,25.338274741311704,metropolitan,-0.002632996927361061,0.018835029657446586,0.0169474323924126,0.0165978867611142,0.0163344982072147,0.016626605786913832,台北市
2,2019-05,59.25,0.3,135168569,104384580862,2165382,0.016019863316005,0.357871939888629,79.0,0.36033310705595434,2019-05-01,2019,5,0.49999999999999994,-0.8660254037844387,772.2548343468814,18.7220332241335,25.37134780860414,metropolitan,-0.002044027738342844,0.0180769112897857,0.0161628816245172,0.0169474323924126,0.0165978867611142,0.016569400259348,台北市
2,2019-06,59.25,0.3,131504935,102213886645,2133721,0.0162254062936877,0.3553435085915217,79.0,0.3625102826222964,2019-06-01,2019,6,1.2246467991473532e-16,-1.0,777.2627441319978,18.694554944999304,25.350333382647975,metropolitan,-0.0011062160756126248,0.01731866382403689,0.016019863316005,0.0161628816245172,0.0169474323924126,0.016376725777644933,台北市
2,2019-07,56.28,-0.72,140909482,110347943606,2287225,0.0162318743035333,0.36296553840145407,81.0,0.35538133727881305,2019-07-01,2019,7,-0.4999999999999998,-0.8660254037844388,783.1122649787329,18.763628277655968,25.42690433428748,metropolitan,-0.0003088536014877271,0.016560290483535113,0.0162254062936877,0.016019863316005,0.0161628816245172,0.0161360504114033,台北市
2,2019-08,56.28,-0.72,139742416,107254876495,2281311,0.0163251149171487,0.3667028914112949,81.0,0.35485919430870183,2019-08-01,2019,8,-0.8660254037844384,-0.5000000000000004,767.5184068307507,18.75531140734661,25.39847386221505,metropolitan,0.0005072320594179615,0.01580179804820865,0.0162318743035333,0.0162254062936877,0.016019863316005,0.01615904797107533,台北市
2,2019-09,56.28,-0.72,129991718,107618457513,2262737,0.0174067781764373,0.3831063683610982,80.0,0.34576779196047697,2019-09-01,2019,9,-1.0,-1.8369701987210297e-16,827.8870313337962,18.682981306390925,25.401858008197294,metropolitan,0.0023100002715869847,0.015043203464014204,0.0163251149171487,0.0162318743035333,0.0162254062936877,0.016260798504789897,台北市
2,2019-10,57.11,0.21,143355909,121657069006,2314668,0.0161463033937443,0.4071254711935174,80.0,0.33575768388056104,2019-10-01,2019,10,-0.8660254037844386,0.5000000000000001,848.6365846698374,18.780840977208026,25.524472013875243,metropolitan,0.0018241768334452551,0.01428445402490288,0.0174067781764373,0.0163251149171487,0.0162318743035333,0.0166545891323731,台北市
2,2019-11,57.11,0.21,140687762,122795717704,2531760,0.0179955950966083,0.4227852455283211,81.0,0.3230495038439305,2019-11-01,2019,11,-0.5000000000000004,0.8660254037844384,872.8244444175606,18.76205354602086,25.533787979942286,metropolitan,0.00450058701661542,0.013524988054374111,0.0161463033937443,0.0174067781764373,0.0163251149171487,0.016626065495776766,台北市
2,2019-12,57.11,0.21,142687886,128197284837,2549064,0.0178646139588892,0.417207183236284,81.0,0.32015544512884225,2019-12-01,2019,12,-2.4492935982947064e-16,1.0,898.4454702552675,18.776170194471373,25.576836202097937,metropolitan,0.00513440852617459,0.012762196105161584,0.0179955950966083,0.0161463033937443,0.0174067781764373,0.0171828922222633,台北市
2,2020-01,57.06,0.0,139183555,185283483183,0,0.0,0.4065983585488961,82.0,0.31987284685793277,2020-01-01,2020,1,0.49999999999999994,0.8660254037844387,1331.2167747331932,18.75130416670253,25.945152830722552,metropolitan,-0.003383885943093199,0.011994801318184499,0.0178646139588892,0.0179955950966083,0.0161463033937443,0.017335504149747268,台北市
2,2022-01,64.91,-0.07,304955293,450987039690,4022382,0.0131900711098659,0.6319597049919051,82.0,0.24643046481887104,2022-01-01,2022,1,0.49999999999999994,0.8660254037844387,1478.86280396517,19.53567574677904,26.834704439209126,metropolitan,-0.0010974910945871126,0.012425774871338243,,,,,台北市
2,2022-02,64.91,-0.07,260249836,353150066394,3693677,0.0141928120177566,0.6392742894946531,83.0,0.24318910142734104,2022-02-01,2022,2,0.8660254037844386,0.5000000000000001,1356.9655674787823,19.377152639138313,26.59015892080925,metropolitan,-0.0009485757512864126,0.012802807554071014,0.0131900711098659,,,0.0131900711098659,台北市
2,2022-03,64.91,-0.07,321023810,459416100457,4111877,0.0128086355962194,0.6354458287689003,83.0,0.24751445763461133,2022-03-01,2022,3,1.0,6.123233995736766e-17,1431.0966543478503,19.587025855913364,26.85322217329604,metropolitan,-0.0006167138636864019,0.01319125308248031,0.0141928120177566,0.0131900711098659,,0.01369144156381125,台北市
2,2022-04,66.12,-0.05,296154844,436159838031,3850874,0.0130029073574768,0.6473670645076466,83.0,0.2500133858580526,2022-04-01,2022,4,0.8660254037844387,-0.49999999999999983,1472.7425428536972,19.50639300050615,26.801274614104546,metropolitan,-0.0005241024752128018,0.013590898059574832,0.0128086355962194,0.0141928120177566,0.0131900711098659,0.0133971729079473,台北市
2,2022-05,66.12,-0.05,288374296,434814079768,3970900,0.0137699512580691,0.6686419097491269,83.0,0.24212608987323653,2022-05-01,2022,5,0.49999999999999994,-0.8660254037844387,1507.8114998432454,19.479769836657216,26.798184373842588,metropolitan,-0.00013694595117172027,0.013996386494079633,0.0130029073574768,0.0128086355962194,0.0141928120177566,0.013334784990484266,台北市
2,2022-06,66.12,-0.05,313198678,436391787467,4066680,0.0129843459939508,0.6653302732012171,83.0,0.24853179570021247,2022-06-01,2022,6,1.2246467991473532e-16,-1.0,1393.3385359532074,19.56234830431979,26.801806271910653,metropolitan,-6.66993994057907e-05,0.014577452037660733,0.0137699512580691,0.0130029073574768,0.0128086355962194,0.013193831403921767,台北市
2,2022-07,67.07,0.03,335417624,434153202924,4025267,0.0120007617727326,0.6481623756299699,83.0,0.25912605578167774,2022-07-01,2022,7,-0.4999999999999998,-0.8660254037844388,1294.3661032075047,19.630886955167714,26.79666331088756,metropolitan,-0.00020358094430062966,0.015819566439133455,0.0129843459939508,0.0137699512580691,0.0130029073574768,0.0132524015364989,台北市
2,2022-08,67.07,0.03,333707294,442482128585,4178254,0.0125207152349507,0.653315689887198,83.0,0.25786488353096737,2022-08-01,2022,8,-0.8660254037844384,-0.5000000000000004,1325.9588164261102,19.625774804435608,26.815665913202533,metropolitan,-9.407356908451594e-05,0.01676836880813767,0.0120007617727326,0.0129843459939508,0.0137699512580691,0.012918353008250833,台北市
2,2022-09,67.07,0.03,321875889,445680885691,4023511,0.0125001938247073,0.6624509703490092,83.0,0.2545088832309634,2022-09-01,2022,9,-1.0,-1.8369701987210297e-16,1384.6358205817646,19.589676594426997,26.82286902993935,metropolitan,-0.00015503000825348764,0.017505884878959113,0.0125207152349507,0.0120007617727326,0.0129843459939508,0.012501941000544699,台北市
2,2022-10,66.06,-0.43,330461986,458028885495,3992425,0.0120813442064104,0.6646632360310272,82.0,0.2568575024345791,2022-10-01,2022,10,-0.8660254037844386,0.5000000000000001,1386.0259421638893,19.61600219399964,26.850198087840404,metropolitan,0.00016828628115868124,0.018182914143007257,0.0125001938247073,0.0125207152349507,0.0120007617727326,0.0123405569441302,台北市
2,2022-11,66.06,-0.43,343553096,481298852498,4406653,0.0128267014656738,0.6742328498765734,83.0,0.2494787910113451,2022-11-01,2022,11,-0.5000000000000004,0.8660254037844384,1400.9445937230034,19.65485223410019,26.899754229082678,metropolitan,0.0005823349764930924,0.01882574971023101,0.0120813442064104,0.0125001938247073,0.0125207152349507,0.012367417755356132,台北市
2,2022-12,66.06,-0.43,344211354,502868096490,4199877,0.0122014481834901,0.6686126512840131,83.0,0.25288131341975695,2022-12-01,2022,12,-2.4492935982947064e-16,1.0,1460.9282658642342,19.656766430738536,26.9435937390406,metropolitan,-0.00019178155281016188,0.019490351620080577,0.0128267014656738,0.0120813442064104,0.0125001938247073,0.012469413165597167,台北市
2,2023-01,64.5,-0.55,150601015,164370591585,3727852,0.024753166504223,0.6636405006964926,81.0,0.25776429055075445,2023-01-01,2023,1,0.49999999999999994,0.8660254037844387,1091.4308352105063,18.830144619655254,25.825389420270128,metropolitan,-0.00010037030693822805,0.020354840253645635,0.0122014481834901,0.0128267014656738,0.0120813442064104,0.012369831285191433,台北市
2,2023-02,64.5,-0.55,149638846,154092960259,3635510,0.0242952287937318,0.6842537398343743,81.0,0.2446477398567704,2023-02-01,2023,2,0.8660254037844386,0.5000000000000001,1029.7657618864555,18.823735262255486,25.760821895295823,metropolitan,-0.00011875523133508784,0.0218308878660394,0.024753166504223,0.0122014481834901,0.0128267014656738,0.016593772051128965,台北市
2,2023-03,64.5,-0.55,168243555,184172920014,4143959,0.024630714680274,0.6848120511956609,83.0,0.2516407344724258,2023-03-01,2023,3,1.0,6.123233995736766e-17,1094.6803876915226,18.940923225607055,25.939140935926336,metropolitan,-9.097764956814385e-05,0.02337362334045027,0.0242952287937318,0.024753166504223,0.0122014481834901,0.020416614493814968,台北市
2,2023-04,66.54,0.3,157588199,167111986727,3730587,0.0236730099314099,0.6784687665603691,81.0,0.25755428202143765,2023-04-01,2023,4,0.8660254037844387,-0.49999999999999983,1060.4346504842028,18.875495859488478,25.841930003834975,metropolitan,-0.00017520745425228954,0.023595802041277907,0.024630714680274,0.0242952287937318,0.024753166504223,0.024559703326076265,台北市
2,2023-05,66.54,0.3,168545559,180484974893,4017560,0.0238366411066339,0.6835597727021689,82.0,0.2627761987119376,2023-05-01,2023,5,0.49999999999999994,-0.8660254037844387,1070.8379144715407,18.942716656965725,25.918913369670086,metropolitan,0.0005009428028530644,0.023516183421693794,0.0236730099314099,0.024630714680274,0.0242952287937318,0.024199651135138566,台北市
2,2023-06,66.54,0.3,165014366,180215260906,3927793,0.0238027336359308,0.6878351670302452,82.0,0.2632349960470013,2023-06-01,2023,6,1.2246467991473532e-16,-1.0,1092.1186153331644,18.921543100801518,25.91741786725285,metropolitan,0.0001828644528478243,0.0234610558981401,0.0238366411066339,0.0236730099314099,0.024630714680274,0.024046788572772596,台北市
2,2023-07,67.13,0.15,172601473,180285931136,3970311,0.0230027642927473,0.6842900002365565,81.0,0.26816209230439797,2023-07-01,2023,7,-0.4999999999999998,-0.8660254037844388,1044.5213937195078,18.96649587655396,25.91780993381166,metropolitan,-0.00014514676088694568,0.023425843786511264,0.0238027336359308,0.0238366411066339,0.0236730099314099,0.02377079489132487,台北市
2,2023-08,67.13,0.15,174927157,188476638833,4037206,0.0230793552541415,0.6957677532025516,82.0,0.26489610884133413,2023-08-01,2023,8,-0.8660254037844384,-0.5000000000000004,1077.4578519732074,18.979880205235872,25.962239904239162,metropolitan,-0.00027201722682158625,0.02340294853536289,0.0230027642927473,0.0238027336359308,0.0238366411066339,0.02354737967843733,台北市
2,2023-09,67.13,0.15,168377822,185630633875,3819302,0.0226829279214693,0.6951921732305101,81.0,0.2663423059330019,2023-09-01,2023,9,-1.0,-1.8369701987210297e-16,1102.4648713831207,18.941720958701247,25.947024696889937,metropolitan,-0.0005838842603294011,0.023388509705997228,0.0230793552541415,0.0230027642927473,0.0238027336359308,0.02329495106093987,台北市
2,2023-10,67.22,0.04,172957694,193482125131,3983996,0.0230345115493965,0.7023578899010992,81.0,0.26182847093113615,2023-10-01,2023,10,-0.8660254037844386,0.5000000000000001,1118.6673495484972,18.96855758498561,25.988450968570458,metropolitan,-9.496164668216119e-05,0.023384725855465374,0.0226829279214693,0.0230793552541415,0.0230027642927473,0.0229216824894527,台北市
2,2023-11,67.22,0.04,177204673,203625632419,4148939,0.0234132595363328,0.714450645440936,82.0,0.2564702133201876,2023-11-01,2023,11,-0.5000000000000004,0.8660254037844384,1149.0985478639154,18.992815972762557,26.039549009671042,metropolitan,0.00010814606198033026,0.023395094017083572,0.0230345115493965,0.0226829279214693,0.0230793552541415,0.022932264908335765,台北市
2,2023-12,67.22,0.04,178266195,204581491664,4084975,0.02291502884212,0.7071074131581706,81.0,0.2559132045860185,2023-12-01,2023,12,-2.4492935982947064e-16,1.0,1147.6179859226816,18.998788474281124,26.044232225301705,metropolitan,-0.00042876869160288515,0.023420442693070774,0.0234132595363328,0.0230345115493965,0.0226829279214693,0.023043566335732863,台北市
2,2024-01,68.82,0.37,172945472,190981832063,4147192,0.0239797662930429,0.7148638849590696,81.0,0.2507371060131447,2024-01-01,2024,1,0.49999999999999994,0.8660254037844387,1104.2892875680493,18.96848691780973,25.97544414038507,metropolitan,0.0005837967881704897,0.023459257591547364,0.02291502884212,0.0234132595363328,0.0230345115493965,0.0231209333092831,台北市
2,2024-02,68.82,0.37,154611553,154243951645,3694303,0.0238940941237424,0.715106218485497,82.0,0.2497427153536784,2024-02-01,2024,2,0.8660254037844386,0.5000000000000001,997.6224198782868,18.85642642612457,25.76180128759197,metropolitan,0.00041271264448676916,0.023531329517519687,0.0239797662930429,0.02291502884212,0.0234132595363328,0.0234360182238319,台北市
2,2024-03,68.82,0.37,175684907,186381026722,4153125,0.023639623180607,0.7208587815685271,81.0,0.2490422894932624,2024-03-01,2024,3,1.0,6.123233995736766e-17,1060.8824053508479,18.984202653053675,25.951058946050416,metropolitan,0.0001496207337581178,0.023604373422428573,0.0238940941237424,0.0239797662930429,0.02291502884212,0.023596296419635097,台北市
2,2024-04,70.69,0.28,169902851,179156878122,3944335,0.0232152372769777,0.7226755953612574,82.0,0.25499740121687564,2024-04-01,2024,4,0.8660254037844387,-0.49999999999999983,1054.4665793865931,18.95073737284618,25.91152767305555,metropolitan,-9.663342467611202e-05,0.023676466870281736,0.023639623180607,0.0238940941237424,0.0239797662930429,0.02383782786579743,台北市
2,2024-05,70.69,0.28,178599146,189978489197,4094588,0.0229261342604628,0.7252874658202453,81.0,0.2566612217074418,2024-05-01,2024,5,0.49999999999999994,-0.8660254037844387,1063.7144323019327,19.000654450359434,25.970176687950257,metropolitan,0.0009213020608057748,0.023748621779104064,0.0232152372769777,0.023639623180607,0.0238940941237424,0.023582984860442368,台北市
2,2024-06,70.69,0.28,174431178,185227295698,4160665,0.0238527598546631,0.7293781046413618,82.0,0.2563618254110992,2024-06-01,2024,6,1.2246467991473532e-16,-1.0,1061.893279755297,18.977040832129877,25.94484953328219,metropolitan,0.00024004228126905404,0.023821538676328177,0.0229261342604628,0.0232152372769777,0.023639623180607,0.023260331572682497,台北市
2,2024-07,71.82,0.24,179297688,188575628721,4258496,0.0237509811057909,0.7292058612601854,82.0,0.26080370753822596,2024-07-01,2024,7,-0.4999999999999998,-0.8660254037844388,1051.7460142653931,19.00455804947947,25.96276497674922,metropolitan,-0.00022868605913470302,0.023895558807112628,0.0238527598546631,0.0229261342604628,0.0232152372769777,0.0233313771307012,台北市
2,2024-08,71.82,0.24,183443397,193385122852,4289486,0.0233831583482942,0.7303796004170158,82.0,0.25940239607566684,2024-08-01,2024,8,-0.8660254037844384,-0.5000000000000004,1054.1950597000773,19.02741672011035,25.98794949277204,metropolitan,-0.0005661018382000413,0.023970895902103547,0.0237509811057909,0.0238527598546631,0.0229261342604628,0.02350995840697227,台北市
2,2024-09,71.82,0.24,175689690,194935896618,4040396,0.0229973426442951,0.7330058980694883,82.0,0.26029605931388766,2024-09-01,2024,9,-1.0,-1.8369701987210297e-16,1109.5465910264854,18.984229877560022,25.99593660617769,metropolitan,-0.0010935414178532942,0.024047642065205203,0.0233831583482942,0.0237509811057909,0.0238527598546631,0.023662299769582732,台北市
2,2024-10,71.21,-0.17,176730529,196652748851,4216068,0.0238559122968505,0.7381664375598627,82.0,0.25763616718708,2024-10-01,2024,10,-0.8660254037844386,0.5000000000000001,1112.7265332352397,18.990136701086396,26.004705314124703,metropolitan,-0.0004063534550501143,0.02412583187040408,0.0229973426442951,0.0233831583482942,0.0237509811057909,0.023377160699460067,台北市
2,2024-11,71.21,-0.17,185696567,198100872187,4432607,0.0238701612615164,0.7464337560963096,82.0,0.25385958602500275,2024-11-01,2024,11,-0.5000000000000004,0.8660254037844384,1066.7987857147623,19.039624544730504,26.012042193407503,metropolitan,-0.0004005732770914059,0.024205438679809618,0.0238559122968505,0.0229973426442951,0.0233831583482942,0.0234121377631466,台北市
2,2024-12,71.21,-0.17,186912671,207255915709,4426203,0.0236805935965678,0.739724039361676,82.0,0.24827405486670232,2024-12-01,2024,12,-2.4492935982947064e-16,1.0,1108.838232315454,19.046152071090493,26.057220174390395,metropolitan,-0.0006836746339791419,0.024286355050087267,0.0238701612615164,0.0238559122968505,0.0229973426442951,0.023574472067554003,台北市
15,2019-01,33.17,-0.36,6102565,2290267296,7684,0.0012591426719748,0.1628523415973447,30.0,0.6182589893532966,2019-01-01,2019,1,0.49999999999999994,0.8660254037844387,375.29584625481255,15.624219896430423,21.55193437128168,remote,-0.0002969075025853501,0.0015712371087313129,,,,,花蓮縣
15,2019-02,33.17,-0.36,6175049,2182619337,6997,0.0011331084174392,0.13663923962384752,30.0,0.6406552100830344,2019-02-01,2019,2,0.8660254037844386,0.5000000000000001,353.4578166100382,15.636027537611525,21.503791523679155,remote,-0.00037643908741645743,0.0015048594250186887,0.0012591426719748,,,0.0012591426719748,花蓮縣
15,2019-03,33.17,-0.36,6210018,2091934759,7670,0.0012351010898841,0.16562850542462196,30.0,0.6225979183958563,2019-03-01,2019,3,1.0,6.123233995736766e-17,336.8645242252116,15.6416745134863,21.461355197194358,remote,-0.00020961031622166546,0.0014383706603194137,0.0011331084174392,0.0012591426719748,,0.0011961255447070001,花蓮縣
15,2019-04,35.63,0.6,6427141,2206717512,8015,0.0012470552614296,0.16556086135343848,31.0,0.6225784303215689,2019-04-01,2019,4,0.8660254037844387,-0.49999999999999983,343.34356629176176,15.676040518399063,21.514771960106767,remote,-0.00012177063218757664,0.0013717516556122063,0.0012351010898841,0.0011331084174392,0.0012591426719748,0.0012091173930993666,花蓮縣
15,2019-05,35.63,0.6,6345793,2177832426,8218,0.0012950312120171,0.17137133215659572,30.0,0.6309736453804053,2019-05-01,2019,5,0.49999999999999994,-0.8660254037844387,343.193108568149,15.663302789205392,21.501595919562426,remote,-9.039917439993532e-06,0.0013049712101760888,0.0012470552614296,0.0012351010898841,0.0011331084174392,0.0012050882562509666,花蓮縣
15,2019-06,35.63,0.6,6637648,2278616657,7877,0.0011867155353824,0.15791060327393078,31.0,0.6310344430875019,2019-06-01,2019,6,1.2246467991473532e-16,-1.0,343.28675714650734,15.708268392491297,21.5468343668309,remote,-3.917775718740505e-05,0.0012379861375030503,0.0012950312120171,0.0012470552614296,0.0012351010898841,0.0012590625211102667,花蓮縣
15,2019-07,32.02,-0.88,7392892,2669361025,8155,0.001103086586413,0.16537371302056084,31.0,0.587779736072889,2019-07-01,2019,7,-0.4999999999999998,-0.8660254037844388,361.0712864464948,15.816029691284223,21.70510496461303,remote,-6.916790432140514e-05,0.0011707355273887943,0.0011867155353824,0.0012950312120171,0.0012470552614296,0.0012429340029430332,花蓮縣
15,2019-08,32.02,-0.88,7130732,2513274365,7905,0.0011085818398447,0.16222163446894372,32.0,0.5840446054641171,2019-08-01,2019,8,-0.8660254037844384,-0.5000000000000004,352.456713420165,15.77992459215549,21.64485226821922,remote,-1.5980502530228952e-06,0.0011031325311764224,0.001103086586413,0.0011867155353824,0.0012950312120171,0.0011949444446041665,花蓮縣
15,2019-09,32.02,-0.88,6589174,2360488723,7597,0.001152951796386,0.17671137535600062,34.0,0.5866452174389816,2019-09-01,2019,9,-1.0,-1.8369701987210297e-16,358.23742444804157,15.700938708960472,21.58213452098517,remote,7.884299737983224e-05,0.001035034333560332,0.0011085818398447,0.001103086586413,0.0011867155353824,0.0011327946538800334,花蓮縣
15,2019-10,32.28,0.07,6899515,2679429730,7851,0.0011379060702092,0.1874205650687041,33.0,0.5827514209558025,2019-10-01,2019,10,-0.8660254037844386,0.5000000000000001,388.3504463719551,15.746961822179681,21.708869821886523,remote,0.00017367692285475886,0.0009661615968159231,0.001152951796386,0.0011085818398447,0.001103086586413,0.0011215400742145666,花蓮縣
15,2019-11,32.28,0.07,6367292,2402492831,7336,0.0011521381460124,0.183088980370305,34.0,0.5924410276714318,2019-11-01,2019,11,-0.5000000000000004,0.8660254037844384,377.31783480324134,15.666684976473404,21.59977271524548,remote,0.0002453731080690718,0.0008959009712896854,0.0011379060702092,0.001152951796386,0.0011085818398447,0.0011331465688133,花蓮縣
15,2019-12,32.28,0.07,6453324,2400642716,7297,0.001130735106435,0.19479589123372698,33.0,0.5816109739481472,2019-12-01,2019,12,-2.4492935982947064e-16,1.0,372.0009588856843,15.680106059821448,21.599002337198627,remote,0.0003035496663948758,0.0008234247310516182,0.0011521381460124,0.0011379060702092,0.001152951796386,0.0011476653375358666,花蓮縣
15,2020-01,29.32,-0.72,7342995,3948968683,0,0.0,0.16868335059468242,33.0,0.5914369772012324,2020-01-01,2020,1,0.49999999999999994,0.8660254037844387,537.7871948707577,15.809257491697116,22.096720289110593,remote,-0.00017330812957946315,0.0007476901541067161,0.001130735106435,0.0011521381460124,0.0011379060702092,0.0011402597742188666,花蓮縣
15,2022-01,33.86,-0.14,13081369,7394463285,7135,0.0005454322097327,0.3461526083393871,37.0,0.5650523163739701,2022-01-01,2022,1,0.49999999999999994,0.8660254037844387,565.2667763595691,16.38669963856963,22.723997352517188,remote,3.6862193274138644e-05,0.0006154378624232801,,,,,花蓮縣
15,2022-02,33.86,-0.14,12656559,6774987440,6210,0.0004906546874233,0.34579999192513544,36.0,0.5651120424706465,2022-02-01,2022,2,0.8660254037844386,0.5000000000000001,535.2945804621936,16.353686215798277,22.63650334998352,remote,-0.00016364503828750115,0.0006658304864767135,0.0005454322097327,,,0.0005454322097327,花蓮縣
15,2022-03,33.86,-0.14,13498809,6890665650,6901,0.0005112302870571,0.37314758657597125,37.0,0.546899749466248,2022-03-01,2022,3,1.0,6.123233995736766e-17,510.46471210904605,16.41811209137523,22.653433528481035,remote,0.00018839741324068996,0.0007219108644991958,0.0004906546874233,0.0005454322097327,,0.000518043448578,花蓮縣
15,2022-04,36.74,0.53,12460179,6558565950,6391,0.0005129139798071,0.3779280377914314,38.0,0.5668867429522583,2022-04-01,2022,4,0.8660254037844387,-0.49999999999999983,526.3620972058267,16.338048517447167,22.604037810974358,remote,6.979619647639934e-05,0.000779792103857586,0.0005112302870571,0.0004906546874233,0.0005454322097327,0.0005157723947376999,花蓮縣
15,2022-05,36.74,0.53,11676285,5845411352,7631,0.000653546911539,0.3933789728496692,38.0,0.5722146800909308,2022-05-01,2022,5,0.49999999999999994,-0.8660254037844387,500.6225312246147,16.273070505346116,22.488922806297442,remote,0.00028753024470481005,0.0008379696150236395,0.0005129139798071,0.0005112302870571,0.0004906546874233,0.0005049329847625,花蓮縣
15,2022-06,36.74,0.53,13384453,6638901421,10872,0.0008122857168686,0.3813326551335344,39.0,0.5752360964452639,2022-06-01,2022,6,1.2246467991473532e-16,-1.0,496.01589403765695,16.40960444217331,22.616212338252666,remote,4.275075264071037e-06,0.0008974507280277127,0.000653546911539,0.0005129139798071,0.0005112302870571,0.0005592303928010667,花蓮縣
15,2022-07,37.28,0.03,16268988,8507796123,10650,0.0006546196973038,0.3760798151673601,39.0,0.5466298215716238,2022-07-01,2022,7,-0.4999999999999998,-0.8660254037844388,522.9456265503422,16.604771338358557,22.8642487711388,remote,9.106180908197415e-05,0.0009579933987532482,0.0008122857168686,0.000653546911539,0.0005129139798071,0.0006595822027382333,花蓮縣
15,2022-08,37.28,0.03,16437366,8712007683,10553,0.0006420128383099,0.3857740954359719,39.0,0.5360624853079679,2022-08-01,2022,8,-0.8660254037844384,-0.5000000000000004,530.012392678973,16.61506777661477,22.88796810457852,remote,-0.0002047797362620454,0.0010185224301537195,0.0006546196973038,0.0008122857168686,0.000653546911539,0.0007068174419037999,花蓮縣
15,2022-09,37.28,0.03,14458650,7679457287,12885,0.0008911620379496,0.39129420796547393,40.0,0.573233632694108,2022-09-01,2022,9,-1.0,-1.8369701987210297e-16,531.1323869794206,16.48680347850338,22.76181471598406,remote,7.16433259868725e-05,0.0010800771694528814,0.0006420128383099,0.0006546196973038,0.0008122857168686,0.0007029727508274333,花蓮縣
15,2022-10,38.52,0.18,14197769,7828136800,13711,0.0009657151063663,0.40669889755214356,40.0,0.5769210681561663,2022-10-01,2022,10,-0.8660254037844386,0.5000000000000001,551.3638656890389,16.46859546798554,22.78099036218344,remote,-0.00016681836041592657,0.0011452586127848456,0.0008911620379496,0.0006420128383099,0.0006546196973038,0.0007292648578544333,花蓮縣
15,2022-11,38.52,0.18,13757534,7310865672,14300,0.0010394304676986,0.41092357104114735,42.0,0.5756691762177768,2022-11-01,2022,11,-0.5000000000000004,0.8660254037844384,531.4081485824422,16.43709723197969,22.71262752681565,remote,-0.00012323733982968485,0.0012178682488699828,0.0009657151063663,0.0008911620379496,0.0006420128383099,0.0008329633275419333,花蓮縣
15,2022-12,38.52,0.18,14253009,7272213134,14335,0.0010057525396917,0.4148197057898441,43.0,0.5759087261906218,2022-12-01,2022,12,-2.4492935982947064e-16,1.0,510.22300862926556,16.4724786704436,22.707326502385488,remote,-0.0002822083470187538,0.0012992990165245743,0.0010394304676986,0.0009657151063663,0.0008911620379496,0.0009654358706715,花蓮縣
15,2023-01,37.68,-0.3,7528243,3635517190,11173,0.0014841444411398,0.413283551022463,41.0,0.5870830664322347,2023-01-01,2023,1,0.49999999999999994,0.8660254037844387,482.9170883564731,15.834172372049396,22.014017218691258,remote,6.103890048881402e-05,0.0013875923540601527,0.0010057525396917,0.0010394304676986,0.0009657151063663,0.0010036327045855333,花蓮縣
15,2023-02,37.68,-0.3,6395538,2779293392,10309,0.001611905050052,0.4363027785934506,40.0,0.5605467000185802,2023-02-01,2023,2,0.8660254037844386,0.5000000000000001,434.5675675760194,15.671111274040674,21.745462557161115,remote,-0.0003329495808114059,0.001478433356845882,0.0014841444411398,0.0010057525396917,0.0010394304676986,0.0011764424828433666,花蓮縣
15,2023-03,37.68,-0.3,7110052,2965633993,13421,0.0018876092608042,0.44881134483967206,41.0,0.5667737580350134,2023-03-01,2023,3,1.0,6.123233995736766e-17,417.10440275261,15.777020256041373,21.81035667250823,remote,0.0003491229615984577,0.0015707135230691655,0.001611905050052,0.0014841444411398,0.0010057525396917,0.0013672673436278331,花蓮縣
15,2023-04,38.54,0.1,7369330,3127932172,13121,0.0017804875070053,0.43973047753323574,41.0,0.5812649561292691,2023-04-01,2023,4,0.8660254037844387,-0.49999999999999983,424.45272121074777,15.812837486639665,21.86363797557085,remote,8.691613621718886e-05,0.0016645485729135298,0.0018876092608042,0.001611905050052,0.0014841444411398,0.0016612195839986665,花蓮縣
15,2023-05,38.54,0.1,7332562,3040246966,15271,0.002082628145524,0.4508270097136581,41.0,0.5766439902220885,2023-05-01,2023,5,0.49999999999999994,-0.8660254037844387,414.62274250118855,15.807835671682275,21.835204588209557,remote,0.0005473232509630656,0.0017600002162500843,0.0017804875070053,0.0018876092608042,0.001611905050052,0.0017600006059538334,花蓮縣
15,2023-06,38.54,0.1,7496993,3160776318,13974,0.0018639473186116,0.44944699828317836,41.0,0.5807743346549266,2023-06-01,2023,6,1.2246467991473532e-16,-1.0,421.60587825011976,15.83001269816475,21.874083504942778,remote,6.140207355352653e-05,0.0018566207034272884,0.002082628145524,0.0017804875070053,0.0018876092608042,0.0019169083044445,花蓮縣
15,2023-07,38.3,-0.05,8159085,3533182244,13529,0.001658151618717,0.454227281613073,42.0,0.5714685209876832,2023-07-01,2023,7,-0.4999999999999998,-0.8660254037844388,433.0365775083848,15.914642710862802,21.985464787632996,remote,0.00017359113461812368,0.0019535459090548957,0.0018639473186116,0.002082628145524,0.0017804875070053,0.0019090209903803001,花蓮縣
15,2023-08,38.3,-0.05,8356840,3667726908,14615,0.0017488667965403,0.4622032969399917,41.0,0.5667015625412374,2023-08-01,2023,8,-0.8660254037844384,-0.5000000000000004,438.8892102756544,15.938591042836322,22.022837936278844,remote,-0.0002733855794439273,0.002050546317513772,0.001658151618717,0.0018639473186116,0.002082628145524,0.0018682423609508666,花蓮縣
15,2023-09,38.3,-0.05,7374989,3172196914,16924,0.0022947830837442,0.4642778450245824,41.0,0.599372891335926,2023-09-01,2023,9,-1.0,-1.8369701987210297e-16,430.1290366670377,15.813605104257036,21.87769021792207,remote,0.00011803444403203667,0.0021479696071999028,0.0017488667965403,0.001658151618717,0.0018639473186116,0.0017569885779563001,花蓮縣
15,2023-10,38.02,-0.06,7635095,3541941470,17213,0.0022544578685661,0.4750665184912565,41.0,0.5832569243085772,2023-10-01,2023,10,-0.8660254037844386,0.5000000000000001,463.902737294035,15.848266070229693,21.987940851890457,remote,-0.00029937780185845586,0.0022460445090025675,0.0022947830837442,0.0017488667965403,0.001658151618717,0.0019006004996671665,花蓮縣
15,2023-11,38.02,-0.06,7359842,3250376463,17935,0.0024368729654794,0.47496155488120534,42.0,0.5951487343782706,2023-11-01,2023,11,-0.5000000000000004,0.8660254037844384,441.63671760888343,15.811549158955799,21.902036661656616,remote,-0.00018353967827307584,0.0023452652627899855,0.0022544578685661,0.0022947830837442,0.0017488667965403,0.0020993692496168665,花蓮縣
15,2023-12,38.02,-0.06,7481354,4169834892,18237,0.0024376603486481,0.47924934443684925,40.0,0.5893630209618308,2023-12-01,2023,12,-2.4492935982947064e-16,1.0,557.3636659888036,15.827924483277648,22.15114227796846,remote,-0.0005010407421409282,0.0024456089325178587,0.0024368729654794,0.0022544578685661,0.0022947830837442,0.002328704639263233,花蓮縣
15,2024-01,39.14,0.26,7204876,3334829029,18870,0.0026190596479384,0.4864018478596995,40.0,0.578192749617886,2024-01-01,2024,1,0.49999999999999994,0.8660254037844387,462.85724126272265,15.7902687157919,21.92768724963257,remote,8.967391249439608e-05,0.0025465501853958023,0.0024376603486481,0.0024368729654794,0.0022544578685661,0.0023763303942312005,花蓮縣
15,2024-02,39.14,0.26,7390332,3393607086,15824,0.0021411757956205,0.4810001769879892,41.0,0.5911171395984659,2024-02-01,2024,2,0.8660254037844386,0.5000000000000001,459.1954848577845,15.815683352802271,21.945159230115273,remote,-0.0005027165014736056,0.0026483709952509,0.0026190596479384,0.0024376603486481,0.0024368729654794,0.0024978643206886334,花蓮縣
15,2024-03,39.14,0.26,7422297,3138615593,24278,0.0032709550695694,0.4996208047185393,42.0,0.5777619807473164,2024-03-01,2024,3,1.0,6.123233995736766e-17,422.86311003184056,15.819999270699375,21.867047646013827,remote,0.0005100721728849455,0.0027500691786226726,0.0021411757956205,0.0026190596479384,0.0024376603486481,0.002399298597402333,花蓮縣
15,2024-04,42.0,0.58,6709277,2721180793,19630,0.0029257996055312,0.5072118799089679,43.0,0.6117486795875924,2024-04-01,2024,4,0.8660254037844387,-0.49999999999999983,405.5848033998298,15.719001902562379,21.724331738494648,remote,0.00010120821253469,0.0028517330406313893,0.0032709550695694,0.0021411757956205,0.0026190596479384,0.0026770635043761003,花蓮縣
15,2024-05,42.0,0.58,6940388,2782076804,26063,0.0037552655557585,0.5132488270108242,41.0,0.609117442433702,2024-05-01,2024,5,0.49999999999999994,-0.8660254037844387,400.85320935947675,15.752868382785339,21.746463537902663,remote,0.0008057295696709393,0.0029534021633086695,0.0029257996055312,0.0032709550695694,0.0021411757956205,0.002779310156907033,花蓮縣
15,2024-06,42.0,0.58,7082666,2851275157,22814,0.0032211034658418,0.509522261814972,42.0,0.6072282586003613,2024-06-01,2024,6,1.2246467991473532e-16,-1.0,402.5708902551666,15.77316108965344,21.77103215502241,remote,0.0001250613278735995,0.0030551063993008447,0.0037552655557585,0.0029257996055312,0.0032709550695694,0.003317340076953033,花蓮縣
15,2024-07,42.21,0.04,7454549,3115244185,25403,0.0034077178914512,0.5123670124108112,42.0,0.6005239991809772,2024-07-01,2024,7,-0.4999999999999998,-0.8660254037844388,417.89841142636527,15.824335142186069,21.859573376482643,remote,0.0002546939268302406,0.0031568553975408523,0.0032211034658418,0.0037552655557585,0.0029257996055312,0.0033007228757104996,花蓮縣
15,2024-08,42.21,0.04,7660970,3168188657,22457,0.0029313520350556,0.5147204596806931,43.0,0.5955954630755329,2024-08-01,2024,8,-0.8660254037844384,-0.5000000000000004,413.54928383742526,15.851649296085188,21.876425860261854,remote,-0.00034294289537137735,0.003258635281248358,0.0034077178914512,0.0032211034658418,0.0037552655557585,0.0034613623043505,花蓮縣
15,2024-09,42.21,0.04,7396668,3127378779,25889,0.0035000894997585,0.5229123437742508,42.0,0.6003870540616438,2024-09-01,2024,9,-1.0,-1.8369701987210297e-16,422.8091323011929,15.81654032169803,21.86346104016169,remote,0.00016439747309058647,0.0033604303318416945,0.0029313520350556,0.0034077178914512,0.0032211034658418,0.0031867244641162,花蓮縣
15,2024-10,41.82,-0.11,7277855,3459554105,22015,0.0030249297354783,0.5319478060499969,43.0,0.6025533332812013,2024-10-01,2024,10,-0.8660254037844386,0.5000000000000001,475.35353548538683,15.800346871303104,21.964405546613186,remote,-0.000433381134322116,0.0034622246847755243,0.0035000894997585,0.0029313520350556,0.0034077178914512,0.0032797198087550997,花蓮縣
15,2024-11,41.82,-0.11,7226188,3164890093,24059,0.0033294179448417,0.5264153105344063,45.0,0.5892324187438129,2024-11-01,2024,11,-0.5000000000000004,0.8660254037844384,437.97505586624646,15.793222345897076,21.87538416650517,remote,-0.00024450523355416494,0.0035640143709927703,0.0030249297354783,0.0035000894997585,0.0029313520350556,0.0031521237567641337,花蓮縣
15,2024-12,41.82,-0.11,7343441,3198263002,21588,0.0029397662485475,0.5369406522092299,43.0,0.5864786681362746,2024-12-01,2024,12,-2.4492935982947064e-16,1.0,435.5264789354201,15.80931822800365,21.885873687814062,remote,-0.0007217293148523927,0.0036657995625787557,0.0033294179448417,0.0030249297354783,0.0035000894997585,0.0032848123933594997,花蓮縣
17,2019-01,28.72,0.45,9852176,4061597927,12794,0.0012985963709945,0.17470556758222752,38.0,0.5254649074760444,2019-01-01,2019,1,0.49999999999999994,0.8660254037844387,412.25389467260834,16.10320300395643,22.12484231145354,agricultural,-0.0004128973504872205,0.001719978746016498,,,,,雲林縣
17,2019-02,28.72,0.45,10015029,3655014813,12508,0.0012489229936328,0.1583815683409404,38.0,0.541484846013507,2019-02-01,2019,2,0.8660254037844386,0.5000000000000001,364.9529934461498,16.11959752258431,22.019365983217913,agricultural,-0.0004366923904316943,0.001642844583811811,0.0012985963709945,,,0.0012985963709945,雲林縣
17,2019-03,28.72,0.45,10121315,3849911759,13363,0.0013202829869438,0.17994440445732596,38.0,0.5221342246505357,2019-03-01,2019,3,1.0,6.123233995736766e-17,380.3766367314919,16.13015425289488,22.07131606550293,agricultural,-0.00023283614013824798,0.0015657720082535164,0.0012489229936328,0.0012985963709945,,0.00127375968231365,雲林縣
17,2019-04,26.79,-0.47,10428616,3909487369,11828,0.001134186933338,0.173805613323954,38.0,0.5297165243581554,2019-04-01,2019,4,0.8660254037844387,-0.49999999999999983,374.8807482220076,16.16006421991082,22.086672094931476,agricultural,-0.00033993267297665144,0.0014887598680450847,0.0013202829869438,0.0012489229936328,0.0012985963709945,0.0012892674505237,雲林縣
17,2019-05,26.79,-0.47,10404486,4116811068,13701,0.0013168358340815,0.17789441977239434,39.0,0.5327363903651919,2019-05-01,2019,5,0.49999999999999994,-0.8660254037844387,395.6765445212767,16.15774771337482,22.138344688226965,agricultural,-7.821669218340582e-05,0.0014118153808143723,0.001134186933338,0.0013202829869438,0.0012489229936328,0.0012344643046382,雲林縣
17,2019-06,26.79,-0.47,10608907,4153432413,12892,0.0012152052987173,0.17541071855941429,39.0,0.532075434638528,2019-06-01,2019,6,1.2246467991473532e-16,-1.0,391.5042721177592,16.177204583521444,22.1472009170513,agricultural,-0.00013113150180636555,0.001334966709172023,0.0013168358340815,0.001134186933338,0.0013202829869438,0.0012571019181211,雲林縣
17,2019-07,25.51,-0.31,10896446,4619156506,12012,0.0011023777844629,0.18165473402979285,40.0,0.5273595904682092,2019-07-01,2019,7,-0.4999999999999998,-0.8660254037844388,423.9140455521002,16.203947330759036,22.25347795112893,agricultural,-0.00012662811389378893,0.0012582691650034348,0.0012152052987173,0.0013168358340815,0.001134186933338,0.0012220760220456,雲林縣
17,2019-08,25.51,-0.31,10590199,4366361375,12937,0.0012216012182585,0.18435215428907425,39.0,0.5287580779521147,2019-08-01,2019,8,-0.8660254037844384,-0.5000000000000004,412.3021082984371,16.17543960314052,22.197195862148188,agricultural,4.267310442893261e-05,0.0011818095023613646,0.0011023777844629,0.0012152052987173,0.0013168358340815,0.0012114729724205667,雲林縣
17,2019-09,25.51,-0.31,10662737,4365364204,13779,0.0012922573256753,0.18881427911051354,41.0,0.5297518395264058,2019-09-01,2019,9,-1.0,-1.8369701987210297e-16,409.403721014595,16.182265791752183,22.19696746032885,agricultural,0.00014988298669028113,0.0011057429675333501,0.0012216012182585,0.0011023777844629,0.0012152052987173,0.0011797281004795666,雲林縣
17,2019-10,26.37,0.21,10871818,4469502417,15545,0.0014298436563231,0.19288742692344554,43.0,0.5281616858782299,2019-10-01,2019,10,-0.8660254037844386,0.5000000000000001,411.10901755345793,16.201684586403747,22.220542923492147,agricultural,0.00038341038026438654,0.001030321234100341,0.0012922573256753,0.0012216012182585,0.0011023777844629,0.0012054121094655665,雲林縣
17,2019-11,26.37,0.21,10114862,4225277437,14171,0.0014010077448412,0.197100168049747,43.0,0.526591656108989,2019-11-01,2019,11,-0.5000000000000004,0.8660254037844384,417.7296177644342,16.129516484251035,22.16435076139846,agricultural,0.00042256152482938813,0.0009558884570364044,0.0014298436563231,0.0012922573256753,0.0012216012182585,0.0013145674000856332,雲林縣
17,2019-12,26.37,0.21,10099422,4472470298,13350,0.0013218578251309,0.20384473487690682,41.0,0.517164767993282,2019-12-01,2019,12,-2.4492935982947064e-16,1.0,442.84418435035195,16.12798885146671,22.22120673252018,agricultural,0.00046901837721378985,0.0008827892340644095,0.0014010077448412,0.0014298436563231,0.0012922573256753,0.0013743695756132,雲林縣
17,2020-01,29.55,0.78,11370505,6512525835,0,0.0,0.1851864978732255,42.0,0.5333384807742968,2020-01-01,2020,1,0.49999999999999994,0.8660254037844387,572.7560767969409,16.246533367814763,22.596993211158143,agricultural,-0.0003808084489462093,0.0008205751807947437,0.0013218578251309,0.0014010077448412,0.0014298436563231,0.0013842364087650666,雲林縣
17,2022-01,28.3,0.02,20355215,13611704399,29609,0.0014546149475699,0.3200173026912268,48.0,0.49964347748072013,2022-01-01,2022,1,0.49999999999999994,0.8660254037844387,668.7084562359081,16.828847751506245,23.334195877216448,agricultural,-0.00034114229045158337,0.0018422535275901993,,,,,雲林縣
17,2022-02,28.3,0.02,18626622,11189054242,24620,0.0013217640858337,0.31830011904466626,49.0,0.5069362811260062,2022-02-01,2022,2,0.8660254037844386,0.5000000000000001,600.702276666161,16.740102459372945,23.138201837646562,agricultural,-0.0005980461503223506,0.001981667749151522,0.0014546149475699,,,0.0014546149475699,雲林縣
17,2022-03,28.3,0.02,20923896,13254538814,33872,0.0016188189809393,0.3424070737113203,50.0,0.5034416300077533,2022-03-01,2022,3,1.0,6.123233995736766e-17,633.4641891739474,16.85640246088358,23.307605882796548,agricultural,0.0003530272520425519,0.002122429724225166,0.0013217640858337,0.0014546149475699,,0.0013881895167018,雲林縣
17,2022-04,29.13,0.06,20520921,12536555414,30489,0.0014857520283811,0.34017474166973305,50.0,0.5268255560755102,2022-04-01,2022,4,0.8660254037844387,-0.49999999999999983,610.9158265362456,16.83695550903132,23.251914646618538,agricultural,0.00019532714005110867,0.0022668250435405393,0.0016188189809393,0.0013217640858337,0.0014546149475699,0.0014650660047809665,雲林縣
17,2022-05,29.13,0.06,19495250,11942943503,29760,0.0015265256921557,0.3524978648645183,53.0,0.5249073703053322,2022-05-01,2022,5,0.49999999999999994,-0.8660254037844387,612.6078661725292,16.78568145541213,23.20340643915178,agricultural,0.0003660341439508085,0.0024164037931445103,0.0014857520283811,0.0016188189809393,0.0013217640858337,0.0014754450317180333,雲林縣
17,2022-06,29.13,0.06,20873461,12643439113,52847,0.0025317794686755,0.34945651801586713,53.0,0.5374808303523967,2022-06-01,2022,6,1.2246467991473532e-16,-1.0,605.7183862800712,16.85398914934023,23.26040427046138,agricultural,-4.3570088607770614e-05,0.002570400751320804,0.0015265256921557,0.0014857520283811,0.0016188189809393,0.0015436989004920336,雲林縣
17,2022-07,28.71,-0.18,22924252,14265470328,59394,0.0025908806097577,0.3452427150076696,54.0,0.5451183646104883,2022-07-01,2022,7,-0.4999999999999998,-0.8660254037844388,622.2872758509199,16.947705991061195,23.381107791906064,agricultural,-0.00015434615295494656,0.002726277086037094,0.0025317794686755,0.0015265256921557,0.0014857520283811,0.0018480190630707667,雲林縣
17,2022-08,28.71,-0.18,22431274,14038664239,65400,0.0029155722497081,0.35301646264050807,53.0,0.5403059450492037,2022-08-01,2022,8,-0.8660254037844384,-0.5000000000000004,625.8522917155753,16.92596674839401,23.36508109141688,agricultural,-0.00014980911088431414,0.0028817977474998972,0.0025908806097577,0.0025317794686755,0.0015265256921557,0.0022163952568629666,雲林縣
17,2022-09,28.71,-0.18,22253616,13770601376,68222,0.0030656590821015,0.35717080765660736,53.0,0.5419204849851497,2022-09-01,2022,9,-1.0,-1.8369701987210297e-16,618.8028667341074,16.91801511516254,23.345801821718087,agricultural,3.7163533201143756e-05,0.003035414814819736,0.0029155722497081,0.0025908806097577,0.0025317794686755,0.0026794107760471,雲林縣
17,2022-10,29.77,0.17,22941198,14458607457,65800,0.0028682024365074,0.3635998869806189,54.0,0.543187321928354,2022-10-01,2022,10,-0.8660254037844386,0.5000000000000001,630.2464002533782,16.94844493508255,23.394555745996716,agricultural,-0.00022861747135496157,0.0031927149014337164,0.0030656590821015,0.0029155722497081,0.0025908806097577,0.0028573706471891,雲林縣
17,2022-11,29.77,0.17,22108107,13636395676,68319,0.0030902238712703,0.3714508438013259,55.0,0.5350403437557104,2022-11-01,2022,11,-0.5000000000000004,0.8660254037844384,616.8052143044179,16.91145497703282,23.336008207888202,agricultural,-0.0002540360850605777,0.0033971726056248887,0.0028682024365074,0.0030656590821015,0.0029155722497081,0.0029498112561056667,雲林縣
17,2022-12,29.77,0.17,22035942,13848741834,66194,0.0030039106111279,0.38043751431184564,55.0,0.5389577437558086,2022-12-01,2022,12,-2.4492935982947064e-16,1.0,628.461530439679,16.90818545089505,23.351460223215085,agricultural,0.0006235662925298732,0.003634591233309488,0.0030902238712703,0.0028682024365074,0.0030656590821015,0.0030080284632930665,雲林縣
17,2023-01,30.96,0.19,11567115,6141502664,57114,0.0049376184121969,0.37921919164804707,52.0,0.5708015156450599,2023-01-01,2023,1,0.49999999999999994,0.8660254037844387,530.9450683251615,16.26367680275669,22.538335282876407,agricultural,-0.00020007976889896794,0.003856269366591096,0.0030039106111279,0.0030902238712703,0.0028682024365074,0.0029874456396351994,雲林縣
17,2023-02,30.96,0.19,10106150,5301407716,53607,0.0053043938591847,0.40821935158294703,53.0,0.5225441302802855,2023-02-01,2023,2,0.8660254037844386,0.5000000000000001,524.5724352003483,16.128654806341206,22.39123822921833,agricultural,-0.000579315983773868,0.004064409786297773,0.0049376184121969,0.0030039106111279,0.0030902238712703,0.0036772509648650333,雲林縣
17,2023-03,30.96,0.19,11197399,5733599055,70388,0.0062861026922412,0.4132405213032062,53.0,0.5291635695079973,2023-03-01,2023,3,1.0,6.123233995736766e-17,512.0474009187312,16.231192166458857,22.469609278000465,agricultural,0.0005634312678333941,0.0042548526211796155,0.0053043938591847,0.0049376184121969,0.0030039106111279,0.004415307627503167,雲林縣
17,2023-04,31.81,0.12,11368296,5706084500,60946,0.0053610497122875,0.4107379857104354,51.0,0.5459010841077017,2023-04-01,2023,4,0.8660254037844387,-0.49999999999999983,501.92962076286545,16.246339074385425,22.46479889877633,agricultural,0.00026283235070824175,0.004427787924315184,0.0062861026922412,0.0053043938591847,0.0049376184121969,0.0055093716545409335,雲林縣
17,2023-05,31.81,0.12,11678498,5956136928,72252,0.0061867544953126,0.4162078034349965,52.0,0.5371440607306232,2023-05-01,2023,5,0.49999999999999994,-0.8660254037844387,510.0088151746911,16.27326001683223,22.50768794159793,agricultural,0.0006259307790796589,0.004596079179962247,0.0053610497122875,0.0062861026922412,0.0053043938591847,0.0056505154212378,雲林縣
17,2023-06,31.81,0.12,11672089,5878376627,66320,0.0056819306295556,0.42178088258237234,52.0,0.543786972920086,2023-06-01,2023,6,1.2246467991473532e-16,-1.0,503.62678240373253,16.272711079915826,22.494546477065363,agricultural,-0.00014095641818685862,0.004780339049822802,0.0061867544953126,0.0053610497122875,0.0062861026922412,0.005944635633280434,雲林縣
17,2023-07,30.76,-0.24,12119044,6054991685,61844,0.0051030427812622,0.42250601615110894,51.0,0.54762171880754,2023-07-01,2023,7,-0.4999999999999998,-0.8660254037844388,499.6261821477008,16.310288740121386,22.524148840870424,agricultural,-0.0003233602757832755,0.005009467284149695,0.0056819306295556,0.0061867544953126,0.0053610497122875,0.005743244945718567,雲林縣
17,2023-08,30.76,-0.24,12235432,6339558857,61650,0.005038645141422,0.4296572446318201,52.0,0.5458305731012825,2023-08-01,2023,8,-0.8660254037844384,-0.5000000000000004,518.1311830264759,16.319846644506494,22.570075022217594,agricultural,-0.00036837594906076145,0.005282750924457792,0.0051030427812622,0.0056819306295556,0.0061867544953126,0.0056572426353768,雲林縣
17,2023-09,30.76,-0.24,11774650,5967735695,65632,0.0055740085692568,0.43218847269345584,52.0,0.5494506366532058,2023-09-01,2023,9,-1.0,-1.8369701987210297e-16,506.82913674716445,16.281459558361693,22.509633412003907,agricultural,6.747948922883196e-05,0.00548745058554795,0.005038645141422,0.0051030427812622,0.0056819306295556,0.005274539517413267,雲林縣
17,2023-10,31.93,0.28,12263154,6241654555,68616,0.0055952979143864,0.43844210062109634,53.0,0.5523981112328338,2023-10-01,2023,10,-0.8660254037844386,0.5000000000000001,508.9762841598499,16.322109796312006,22.554511137385976,agricultural,-0.0003064393261180763,0.005582335717432241,0.0055740085692568,0.005038645141422,0.0051030427812622,0.0052385654973136665,雲林縣
17,2023-11,31.93,0.28,11653916,6088897923,73601,0.0063155595080657,0.4436776444930614,53.0,0.5480350245289037,2023-11-01,2023,11,-0.5000000000000004,0.8660254037844384,522.4765583517163,16.271152904641603,22.529732937431675,agricultural,-0.0003127952536406521,0.005654213991501386,0.0055952979143864,0.0055740085692568,0.005038645141422,0.0054026505416884,雲林縣
17,2023-12,31.93,0.28,11864992,6318893435,71073,0.0059901431033413,0.44938024399847887,52.0,0.5473897082814418,2023-12-01,2023,12,-2.4492935982947064e-16,1.0,532.5661774571782,16.289102857881325,22.56680994053476,agricultural,0.0002565284769199685,0.0057239091604559,0.0063155595080657,0.0055952979143864,0.0055740085692568,0.005828288663902966,雲林縣
17,2024-01,32.73,0.18,11563600,6293002744,66837,0.0057799474212183,0.456292936455775,53.0,0.5434216635381343,2024-01-01,2024,1,0.49999999999999994,0.8660254037844387,544.2079234840361,16.263372877891147,22.562704177690065,agricultural,-2.1903890413169636e-05,0.005791832939075847,0.0059901431033413,0.0063155595080657,0.0055952979143864,0.005967000175264466,雲林縣
17,2024-02,32.73,0.18,11908964,6696526689,63769,0.0053547059173241,0.45961546277241244,53.0,0.5617242314610066,2024-02-01,2024,2,0.8660254037844386,0.5000000000000001,562.309760026145,16.292802035792082,22.62485482444766,agricultural,-0.0005185453371353511,0.005858188875050193,0.0057799474212183,0.0059901431033413,0.0063155595080657,0.0060285500108751,雲林縣
17,2024-03,32.73,0.18,12189263,5894636817,82201,0.0067437219132936,0.47157141494116583,54.0,0.5431965483785143,2024-03-01,2024,3,1.0,6.123233995736766e-17,483.5925532987515,16.316066122276176,22.497308760556102,agricultural,0.0008083222240288411,0.00592498376438983,0.0053547059173241,0.0057799474212183,0.0059901431033413,0.0057082654806279,雲林縣
17,2024-04,34.34,0.31,12243716,5901403453,77922,0.0063642443192899,0.47442949509773014,53.0,0.54837650150908,2024-04-01,2024,4,0.8660254037844387,-0.49999999999999983,481.99447398159185,16.320523465418677,22.498456033129976,agricultural,0.0003615987394218458,0.005992171952976353,0.0067437219132936,0.0053547059173241,0.0057799474212183,0.005959458417278666,雲林縣
17,2024-05,34.34,0.31,12286140,5969794166,85797,0.0069832347669813,0.4809668455674443,53.0,0.5485614404101739,2024-05-01,2024,5,0.49999999999999994,-0.8660254037844387,485.89664174427446,16.323982437117447,22.5099782858671,agricultural,0.0009132526002486222,0.006059497327165177,0.0063642443192899,0.0067437219132936,0.0053547059173241,0.0061542240499692,雲林縣
17,2024-06,34.34,0.31,12346480,5879924768,72889,0.0059036259727468,0.48287625298870607,53.0,0.5548336396364721,2024-06-01,2024,6,1.2246467991473532e-16,-1.0,476.2430075616694,16.3288816411641,22.494809804387344,agricultural,-0.0002181281504483401,0.0061268062589573125,0.0069832347669813,0.0063642443192899,0.0067437219132936,0.006697066999854934,雲林縣
17,2024-07,35.11,0.17,12550078,6226285280,71642,0.0057084904173503,0.486536657381731,53.0,0.5523540087372275,2024-07-01,2024,7,-0.4999999999999998,-0.8660254037844388,496.11526557842905,16.345237518342973,22.552045728828386,agricultural,-0.0004749592557377996,0.006194025523138604,0.0059036259727468,0.0069832347669813,0.0063642443192899,0.006417035019672667,雲林縣
17,2024-08,35.11,0.17,12832198,6569777771,71519,0.0055734021560452,0.48878383890273513,55.0,0.5505111967843651,2024-08-01,2024,8,-0.8660254037844384,-0.5000000000000004,511.97602865853537,16.36746811707292,22.60574584421333,agricultural,-0.000580563251111894,0.006261133486354344,0.0057084904173503,0.0059036259727468,0.0069832347669813,0.006198450385692799,雲林縣
17,2024-09,35.11,0.17,12420703,6151165632,80044,0.0064444017379692,0.4940407157308246,52.0,0.5516076356366677,2024-09-01,2024,9,-1.0,-1.8369701987210297e-16,495.234901921413,16.334875315632924,22.53990743462671,agricultural,0.00011265974973793603,0.006328147001303906,0.0055734021560452,0.0057084904173503,0.0059036259727468,0.005728506182047433,雲林縣
17,2024-10,34.4,-0.18,12562649,6170018091,75917,0.0060430726035567,0.502887726943577,54.0,0.552906063903685,2024-10-01,2024,10,-0.8660254037844386,0.5000000000000001,491.13989342534364,16.346238684010792,22.542967607112246,agricultural,-0.0003702064860519353,0.006395126133733154,0.0064444017379692,0.0055734021560452,0.0057084904173503,0.005908764770454901,雲林縣
17,2024-11,34.4,-0.18,12061798,6040734193,73942,0.006130263498029,0.5036138890735858,54.0,0.5401912282087529,2024-11-01,2024,11,-0.5000000000000004,0.8660254037844384,500.8154002413239,16.305553908951058,22.521791396803902,agricultural,-0.00036092231209329707,0.00646213048950883,0.0060430726035567,0.0064444017379692,0.0055734021560452,0.006020292165857033,雲林縣
17,2024-12,34.4,-0.18,12110166,6316617377,77900,0.0064326120715438,0.5114732531329463,56.0,0.5352497684675604,2024-12-01,2024,12,-2.4492935982947064e-16,1.0,521.5962668884969,16.30955590569018,22.566449676821147,agricultural,-0.00010600944344060885,0.006529199494008674,0.006130263498029,0.0060430726035567,0.0064444017379692,0.006205912613184966,雲林縣
18,2019-01,30.76,0.52,60496380,40470182106,176324,0.0029146206764768,0.14278217969405774,70.0,0.5829131963879817,2019-01-01,2019,1,0.49999999999999994,0.8660254037844387,668.9686573973518,17.91809410303007,24.423831295626385,metropolitan,-0.0021109772763777913,0.0050372474850909135,,,,,高雄市
18,2019-02,30.76,0.52,56221581,33226314977,165565,0.0029448656024098,0.13194998909760294,70.0,0.5908568887306047,2019-02-01,2019,2,0.8660254037844386,0.5000000000000001,590.9886272497389,17.844811262498904,24.226608018730932,metropolitan,-0.0018763778220423823,0.004768979068723674,0.0029146206764768,,,0.0029146206764768,高雄市
18,2019-03,30.76,0.52,61187736,38178446674,174844,0.0028575007253087,0.14698550049310535,71.0,0.5780288118252657,2019-03-01,2019,3,1.0,6.123233995736766e-17,623.9558638678836,17.929457351587644,24.36553697015761,metropolitan,-0.0016222267027780368,0.004500899744674687,0.0029448656024098,0.0029146206764768,,0.0029297431394433,高雄市
18,2019-04,31.48,0.18,61406966,37811334249,176145,0.0028684856372809,0.14581275681329053,69.0,0.5794826267700637,2019-04-01,2019,4,0.8660254037844387,-0.49999999999999983,615.7499175093587,17.93303385573562,24.35587474251016,metropolitan,-0.0013915116277266023,0.00423302489502892,0.0028575007253087,0.0029448656024098,0.0029146206764768,0.0029056623347317664,高雄市
18,2019-05,31.48,0.18,63912336,38932661382,199617,0.0031232937566231,0.1472332039310846,71.0,0.5811303277403367,2019-05-01,2019,5,0.49999999999999994,-0.8660254037844387,609.157227205715,17.973022968005317,24.385099359525203,metropolitan,-0.0008225932510741632,0.003965373301850926,0.0028684856372809,0.0028575007253087,0.0029448656024098,0.0028902839883331332,高雄市
18,2019-06,31.48,0.18,63838494,37012911453,209351,0.0032793850055422,0.14693105072309506,71.0,0.5775776090775854,2019-06-01,2019,6,1.2246467991473532e-16,-1.0,579.7898592814548,17.97186693626654,24.334532646935095,metropolitan,-0.00041092685173992933,0.0036979598497090048,0.0031232937566231,0.0028684856372809,0.0028575007253087,0.0029497600397375666,高雄市
18,2019-07,29.06,-0.59,65152766,40211939908,237409,0.0036438821338759,0.15433990937545153,71.0,0.5661910575590672,2019-07-01,2019,7,-0.4999999999999998,-0.8660254037844388,617.194669954611,17.992245331853514,24.41742980113355,metropolitan,0.0002084210619883541,0.003430811815790126,0.0032793850055422,0.0031232937566231,0.0028684856372809,0.0030903881331487333,高雄市
18,2019-08,29.06,-0.59,63975054,39841700930,264995,0.0041421614118528,0.1559532407741305,70.0,0.5693048128609935,2019-08-01,2019,8,-0.8660254037844384,-0.5000000000000004,622.769320835587,17.97400379972058,24.40817996280265,metropolitan,0.0009950779796406729,0.0031639777217139673,0.0036438821338759,0.0032793850055422,0.0031232937566231,0.0033488536320137336,高雄市
18,2019-09,29.06,-0.59,64018286,38347703820,257194,0.0040175083725296,0.16203770279010593,72.0,0.5667011491724733,2019-09-01,2019,9,-1.0,-1.8369701987210297e-16,599.0117233066815,17.974679334884655,24.3699604886777,metropolitan,0.0011255794776006446,0.0028975447795653486,0.0041421614118528,0.0036438821338759,0.0032793850055422,0.003688476183756967,高雄市
18,2019-10,29.14,0.02,66809250,41204804860,255160,0.0038192316183761,0.16490212058958903,72.0,0.5690664622746688,2019-10-01,2019,10,-0.8660254037844386,0.5000000000000001,616.7529924374245,18.017352116942245,24.441820709341783,metropolitan,0.0011977528993454682,0.0026317128004714504,0.0040175083725296,0.0041421614118528,0.0036438821338759,0.0039345173060861,高雄市
18,2019-11,29.14,0.02,63590449,40899580691,243657,0.0038316603174165,0.1678471400634394,70.0,0.5671003029035682,2019-11-01,2019,11,-0.5000000000000004,0.8660254037844384,643.1717551011474,17.96797385980292,24.434385647913274,metropolitan,0.0014878890147977271,0.0023669941396600256,0.0038192316183761,0.0040175083725296,0.0041421614118528,0.003992967134252834,高雄市
18,2019-12,29.14,0.02,64800847,42352654353,242686,0.0037451053687616,0.17340983212765723,71.0,0.5609158585014862,2019-12-01,2019,12,-2.4492935982947064e-16,1.0,653.5818019940388,17.98682924765663,24.46929693268014,metropolitan,0.0016295474416079976,0.002104543364475131,0.0038316603174165,0.0038192316183761,0.0040175083725296,0.003889466769440733,高雄市
18,2020-01,29.83,0.17,67277443,46141197918,0,0.0,0.1649641767746732,71.0,0.5612583896355605,2020-01-01,2020,1,0.49999999999999994,0.8660254037844387,685.8345956757007,18.024335582419795,24.554972052055472,metropolitan,-0.0014042629601099597,0.0018458811422725622,0.0037451053687616,0.0038316603174165,0.0038192316183761,0.003798665768184733,高雄市
18,2022-01,35.59,0.37,124912235,124585457062,288966,0.0023133522508823,0.3143667872086349,79.0,0.515031669467075,2022-01-01,2022,1,0.49999999999999994,0.8660254037844387,997.3839397077476,18.643121936670514,25.548257719497435,metropolitan,-0.00016037443119145273,0.0023510222602552626,,,,,高雄市
18,2022-02,35.59,0.37,109231180,96298689974,256072,0.0023443123108255,0.32124551799220696,78.0,0.5097127172120026,2022-02-01,2022,2,0.8660254037844386,0.5000000000000001,881.6044097848252,18.50897712080925,25.290720552075406,metropolitan,-6.329767432875263e-05,0.0024114529965320033,0.0023133522508823,,,0.0023133522508823,高雄市
18,2022-03,35.59,0.37,129888457,124255607528,291721,0.0022459347561577,0.3354304840190688,80.0,0.4996522436970349,2022-03-01,2022,3,1.0,6.123233995736766e-17,956.633178943684,18.68218662472935,25.545606631922883,metropolitan,-0.0002463363391803574,0.0024792230249016875,0.0023443123108255,0.0023133522508823,,0.0023288322808539003,高雄市
18,2022-04,38.17,0.44,125655353,116559794445,304267,0.0024214408119962,0.34276784053919296,79.0,0.5102306217455652,2022-04-01,2022,4,0.8660254037844387,-0.49999999999999983,927.6150332011721,18.649053431471863,25.481670235328032,metropolitan,-0.0002216902552484435,0.0025563141327264605,0.0022459347561577,0.0023443123108255,0.0023133522508823,0.0023011997726218336,高雄市
18,2022-05,38.17,0.44,123909406,113381743446,305324,0.0024640905792091,0.3493186304193888,79.0,0.513221424440272,2022-05-01,2022,5,0.49999999999999994,-0.8660254037844387,915.0374221469515,18.635061267849643,25.45402622274851,metropolitan,-0.00013963548872546351,0.0026431569621917423,0.0024214408119962,0.0022459347561577,0.0023443123108255,0.0023372292929931334,高雄市
18,2022-06,38.17,0.44,128028372,120918130546,327922,0.0025613228917727,0.3499762849440904,79.0,0.5176033020815477,2022-06-01,2022,6,1.2246467991473532e-16,-1.0,944.4635486421713,18.667762461382544,25.518379546491715,metropolitan,-8.11475680475033e-05,0.002736536068526755,0.0024640905792091,0.0024214408119962,0.0022459347561577,0.002377155382454333,高雄市
18,2022-07,37.49,-0.28,138577078,120608828915,357557,0.0025802030549381,0.3486872626943397,79.0,0.5177738852900958,2022-07-01,2022,7,-0.4999999999999998,-0.8660254037844388,870.3375093173779,18.74693725586372,25.515818326818607,metropolitan,-0.00014128192260531841,0.0028333532021053154,0.0025613228917727,0.0024640905792091,0.0024214408119962,0.0024822847609926664,高雄市
18,2022-08,37.49,-0.28,137936874,122148531524,384505,0.0027875432351758,0.35972204212776343,80.0,0.5152063122674384,2022-08-01,2022,8,-0.8660254037844384,-0.5000000000000004,885.539362911762,18.742306710933356,25.52850361267859,metropolitan,-1.1413889529268692e-05,0.002932719903701788,0.0025802030549381,0.0025613228917727,0.0024640905792091,0.002535205508639967,高雄市
18,2022-09,37.49,-0.28,136391389,127553443479,399612,0.0029298917103923,0.36440167054827777,80.0,0.5210367316952906,2022-09-01,2022,9,-1.0,-1.8369701987210297e-16,935.2015872424322,18.73103917821413,25.571801278268993,metropolitan,7.134350402792814e-05,0.0030358960474240505,0.0027875432351758,0.0025802030549381,0.0025613228917727,0.0026430230606288665,高雄市
18,2022-10,38.76,0.19,142448253,124674966960,438912,0.0030812031088931,0.3747231915859298,80.0,0.5237252587669403,2022-10-01,2022,10,-0.8660254037844386,0.5000000000000001,875.2298770557754,18.774489361900816,25.548975923377558,metropolitan,2.238356748270119e-05,0.0031497654700432644,0.0029298917103923,0.0027875432351758,0.0025802030549381,0.002765879333502067,高雄市
18,2022-11,38.76,0.19,137900344,125840614271,460348,0.0033382657841665,0.38272595607158166,79.0,0.519143784385174,2022-11-01,2022,11,-0.5000000000000004,0.8660254037844384,912.5475007589539,18.742041844573308,25.558281977057693,metropolitan,0.00010291899012402333,0.003321194954091226,0.0030812031088931,0.0029298917103923,0.0027875432351758,0.0029328793514870667,高雄市
18,2022-12,38.76,0.19,140029491,121941085997,445192,0.0031792731432552,0.3912742138011485,79.0,0.5217620879670815,2022-12-01,2022,12,-2.4492935982947064e-16,1.0,870.8243179788464,18.757363615531336,25.526803863389375,metropolitan,-0.0004810915987442531,0.003674211846112614,0.0033382657841665,0.0030812031088931,0.0029298917103923,0.003116453534483967,高雄市
18,2023-01,38.83,-0.09,69219343,56378058879,526092,0.0076003610724822,0.3957126117189526,78.0,0.5305962693549341,2023-01-01,2023,1,0.49999999999999994,0.8660254037844387,814.4841663550606,18.052790919096804,24.755345892809455,metropolitan,0.00017279236513078813,0.004134607140988357,0.0031792731432552,0.0033382657841665,0.0030812031088931,0.0031995806787716,高雄市
18,2023-02,38.83,-0.09,62070947,55312355587,458284,0.0073832287430704,0.41466502839081865,78.0,0.5096833505664239,2023-02-01,2023,2,0.8660254037844386,0.5000000000000001,891.1150588213194,17.943788611351984,24.736262148872733,metropolitan,0.00046182179236216715,0.004536058701252655,0.0076003610724822,0.0031792731432552,0.0033382657841665,0.004705966666634633,高雄市
18,2023-03,38.83,-0.09,69792448,63261804483,516936,0.0074067612587539,0.4234308273582838,78.0,0.5103808052578265,2023-03-01,2023,3,1.0,6.123233995736766e-17,906.4276479168634,18.061036381364907,24.870547579298528,metropolitan,-2.28545462476864e-06,0.004889722597106968,0.0073832287430704,0.0076003610724822,0.0031792731432552,0.006054287652935933,高雄市
18,2023-04,39.58,0.07,69103321,55474466893,502219,0.0072676536052442,0.4240686782622213,79.0,0.5190762701958698,2023-04-01,2023,4,0.8660254037844387,-0.49999999999999983,802.7757000709126,18.051113362835576,24.739188695876624,metropolitan,-0.00011268074648054257,0.00522025895034011,0.0074067612587539,0.0073832287430704,0.0076003610724822,0.007463450358102167,高雄市
18,2023-05,39.58,0.07,71509246,60861913467,526831,0.0073673130324993,0.43025918634353943,78.0,0.5162470739364191,2023-05-01,2023,5,0.49999999999999994,-0.8660254037844387,851.1055125235134,18.085337327973335,24.831873421407355,metropolitan,-2.7958681665536672e-05,0.005538840411642004,0.0072676536052442,0.0074067612587539,0.0073832287430704,0.007352547869022833,高雄市
18,2023-06,39.58,0.07,70313933,59173820332,521489,0.0074165812912214,0.43750199551488606,79.0,0.5124297845440967,2023-06-01,2023,6,1.2246467991473532e-16,-1.0,841.5660710089991,18.06848054482171,24.803745056921723,metropolitan,7.184918754433372e-05,0.005859718150382781,0.0073673130324993,0.0072676536052442,0.0074067612587539,0.0073472426321658,高雄市
18,2023-07,39.74,0.04,72715012,59429031216,539848,0.0074241616022837,0.4408794844178806,79.0,0.5148861969402379,2023-07-01,2023,7,-0.4999999999999998,-0.8660254037844388,817.2869615424116,18.1020584273741,24.80804868494695,metropolitan,-9.488595252112503e-05,0.006200585379894783,0.0074165812912214,0.0073673130324993,0.0072676536052442,0.007350515976321633,高雄市
18,2023-08,39.74,0.04,72770887,66256560680,528509,0.0072626433700059,0.44723816544932316,79.0,0.5105340017336528,2023-08-01,2023,8,-0.8660254037844384,-0.5000000000000004,910.4816968906811,18.10282654307965,24.91680032605685,metropolitan,0.00018476195537082504,0.006581709094309646,0.0074241616022837,0.0074165812912214,0.0073673130324993,0.007402685308668133,高雄市
18,2023-09,39.74,0.04,70004948,59743786152,506854,0.0072402596456467,0.45087617235284566,80.0,0.5189082563044671,2023-09-01,2023,9,-1.0,-1.8369701987210297e-16,853.4223345469809,18.064076497514506,24.813331024910593,metropolitan,7.890171154347094e-05,0.006994143720733384,0.0072626433700059,0.0074241616022837,0.0074165812912214,0.007367795421170334,高雄市
18,2023-10,39.86,0.04,73731288,64747111594,540776,0.0073344168353603,0.45975953926099866,79.0,0.5187755887197916,2023-10-01,2023,10,-0.8660254037844386,0.5000000000000001,878.1497428066087,18.115937812520187,24.893754927959638,metropolitan,2.2237223108609167e-05,0.007343149939508339,0.0072402596456467,0.0072626433700059,0.0074241616022837,0.0073090215393121,高雄市
18,2023-11,39.86,0.04,71037046,62582421739,560022,0.0078835203817456,0.4658798875167191,81.0,0.5177298422724196,2023-11-01,2023,11,-0.5000000000000004,0.8660254037844384,880.9828851695213,18.078712087653578,24.859750272744556,metropolitan,-0.0004310035843838626,0.007612126900854449,0.0073344168353603,0.0072402596456467,0.0072626433700059,0.0072791066170043,高雄市
18,2023-12,39.86,0.04,73192884,63262217998,596711,0.0081525821553909,0.4693687162265665,81.0,0.5179066537321667,2023-12-01,2023,12,-2.4492935982947064e-16,1.0,864.3219742236145,18.108608774753815,24.87055411584379,metropolitan,-0.0011422455307477787,0.007871723625791981,0.0078835203817456,0.0073344168353603,0.0072402596456467,0.007486065620917533,高雄市
18,2024-01,42.43,0.6,71595789,78321375353,606618,0.0084728167462474,0.47538020706776485,79.0,0.5112334743678684,2024-01-01,2024,1,0.49999999999999994,0.8660254037844387,1093.9382950720747,18.08654683131947,25.084086395714174,metropolitan,0.0004010094044939597,0.008135374323844105,0.0081525821553909,0.0078835203817456,0.0073344168353603,0.007790173124165599,高雄市
18,2024-02,42.43,0.6,69073860,56741631230,639863,0.0092634608808599,0.4803410725852008,79.0,0.5179215536147095,2024-02-01,2024,2,0.8660254037844386,0.5000000000000001,821.4631588563315,18.050686939314605,24.7617740151384,metropolitan,0.0008963241456953252,0.0084040362879148,0.0084728167462474,0.0081525821553909,0.0078835203817456,0.008169639761127966,高雄市
18,2024-03,42.43,0.6,73413856,65297823896,645745,0.0087959553575281,0.49282082390550364,79.0,0.5078200330641447,2024-03-01,2024,3,1.0,6.123233995736766e-17,889.4482248146726,18.111623263232573,24.90222454797214,metropolitan,0.0001641374710780039,0.008676262533739506,0.0092634608808599,0.0084728167462474,0.0081525821553909,0.0086296199274994,高雄市
18,2024-04,44.92,0.48,72697003,64483590210,640953,0.0088167733682226,0.4975116236910069,81.0,0.5117817205312534,2024-04-01,2024,4,0.8660254037844387,-0.49999999999999983,887.0185502695344,18.101810731200654,24.889676613045733,metropolitan,-6.91514818405967e-05,0.00895055371496654,0.0087959553575281,0.0092634608808599,0.0084728167462474,0.008844077661545132,高雄市
18,2024-05,44.92,0.48,75453677,66768404656,698150,0.0092526968566422,0.5013010963004494,79.0,0.5132301426729929,2024-05-01,2024,5,0.49999999999999994,-0.8660254037844387,884.8926561392097,18.13902948950492,24.924495821420066,metropolitan,3.27264374594683e-05,0.009226043180736578,0.0088167733682226,0.0087959553575281,0.0092634608808599,0.0089587298688702,高雄市
18,2024-06,44.92,0.48,74508383,63775143969,722948,0.0097029081949074,0.5048900604915826,79.0,0.5118108372432966,2024-06-01,2024,6,1.2246467991473532e-16,-1.0,855.945886907786,18.126422213930738,24.878629358439397,metropolitan,0.00018823923183203966,0.009502371610466355,0.0092526968566422,0.0088167733682226,0.0087959553575281,0.008955141860797633,高雄市
18,2024-07,45.8,0.2,75789449,64876452162,737225,0.0097272774736757,0.5079091154231772,81.0,0.5136802668585203,2024-07-01,2024,7,-0.4999999999999998,-0.8660254037844388,856.0090226015498,18.143469658867833,24.89575056219736,metropolitan,-7.283082048839658e-05,0.00977936221273785,0.0097029081949074,0.0092526968566422,0.0088167733682226,0.0092574594732574,高雄市
18,2024-08,45.8,0.2,76445571,62650867674,795002,0.0103995822073197,0.5123809985015352,81.0,0.5097762121322612,2024-08-01,2024,8,-0.8660254037844384,-0.5000000000000004,819.5486913689218,18.152089568452617,24.86084336775364,metropolitan,0.0003547920596551464,0.010056905978789206,0.0097272774736757,0.0097029081949074,0.0092526968566422,0.009560960841741767,高雄市
18,2024-09,45.8,0.2,74726522,62092352567,770879,0.0103160026636861,0.5172920666640956,81.0,0.5153611186041728,2024-09-01,2024,9,-1.0,-1.8369701987210297e-16,830.9279075908283,18.12934564732504,24.851888671249483,metropolitan,3.903535578942767e-05,0.010334926364649376,0.0103995822073197,0.0097272774736757,0.0097029081949074,0.009943255958634267,高雄市
18,2024-10,45.73,-0.04,74833256,62738847945,798219,0.0106666346309988,0.525364672091777,81.0,0.5256474507842795,2024-10-01,2024,10,-0.8660254037844386,0.5000000000000001,838.381907971504,18.13077295643341,24.862246677187787,metropolitan,2.1365364177051508e-05,0.010613379592403311,0.0103160026636861,0.0103995822073197,0.0097272774736757,0.0101476207815605,高雄市
18,2024-11,45.73,-0.04,74638243,62386522094,743937,0.0099672362330394,0.5288216256644733,81.0,0.5081057183318202,2024-11-01,2024,11,-0.5000000000000004,0.8660254037844384,835.8519652452162,18.128163587967236,24.85661509692484,metropolitan,-0.0009615232842419214,0.010892255021033866,0.0106666346309988,0.0103160026636861,0.0103995822073197,0.010460739834001533,高雄市
18,2024-12,45.73,-0.04,76188749,68434248107,715697,0.0093937360751257,0.5320996148657068,82.0,0.5102331486738435,2024-12-01,2024,12,-2.4492935982947064e-16,1.0,898.2198684874062,18.148724371962068,24.94913923959816,metropolitan,-0.0018020694068141478,0.011171532878165852,0.0099672362330394,0.0106666346309988,0.0103160026636861,0.010316624509241434,高雄市
