county_code,county_name,month,actual_donation_ratio,predicted_donation_ratio,invoice_count,expected_donated_count,normalized_priority_score,rank,model_name
2,台北市,2024-05,0.0229261342604628,0.024205455663429243,178599146,4323073.710029326,1.0,1,Ridge
2,台北市,2024-07,0.0237509811057909,0.022973776673872078,179297688,4119145.0422535934,0.9527127734232164,2,Ridge
2,台北市,2024-11,0.0238701612615164,0.022131492268128335,185696567,4109742.1367784753,0.9505324163084875,3,Ridge
2,台北市,2024-06,0.0238527598546631,0.023552040763505047,174431178,4108210.2146822046,0.95017719235663,4,Ridge
2,台北市,2024-08,0.0233831583482942,0.02239434222165399,183443397,4108094.210720735,0.9501502932174867,5,Ridge
2,台北市,2023-05,0.0238366411066339,0.023698579682078565,168545559,3994290.360021974,0.9237613184254727,6,Ridge
2,台北市,2024-12,0.0236805935965678,0.021321070750347518,186912671,3985178.2825274286,0.9216483988552648,7,Ridge
2,台北市,2023-07,0.0230027642927473,0.022943849755985422,172601473,3960142.2641737745,0.915843016584187,8,Ridge
2,台北市,2024-04,0.0232152372769777,0.02328363421583321,169902851,3955955.834911212,0.9148722622942399,9,Ridge
2,台北市,2023-08,0.0230793552541415,0.022571296240898063,174927157,3948332.681225085,0.913104596180803,10,Ridge
2,台北市,2024-03,0.023639623180607,0.02247105346393334,175684907,3947824.938003157,0.9129868600672882,11,Ridge
2,台北市,2024-10,0.0238559122968505,0.02211205904769481,176730529,3907875.89277834,0.903723427055753,12,Ridge
2,台北市,2023-06,0.0238027336359308,0.02352642556988764,165014366,3882198.1996611976,0.8977692524630236,13,Ridge
2,台北市,2024-09,0.0229973426442951,0.021814526207149347,175689690,3832587.3468309445,0.8862654277970793,14,Ridge
2,台北市,2024-01,0.0239797662930429,0.021945419183554783,172945472,3795360.8789377366,0.8776333093160456,15,Ridge
2,台北市,2023-11,0.0234132595363328,0.021266719547102984,177204673,3768562.0831270926,0.8714191720723476,16,Ridge
2,台北市,2023-10,0.0230345115493965,0.0213388479916391,172957694,3690717.9412504295,0.8533685781330727,17,Ridge
2,台北市,2023-04,0.0236730099314099,0.02325359032220771,157588199,3664491.4191605425,0.8472871404131471,18,Ridge
2,台北市,2023-09,0.0226829279214693,0.02172355537911099,168377822,3657764.940831093,0.8457273964678853,19,Ridge
2,台北市,2023-12,0.02291502884212,0.020478482432483215,178266195,3650621.1426131274,0.844070883881223,20,Ridge
2,台北市,2024-02,0.0238940941237424,0.02300160058629399,154611553,3556313.188132624,0.8222026411267669,21,Ridge
2,台北市,2023-03,0.024630714680274,0.015341977763403304,168243555,2581188.879645921,0.5960896349522252,22,Ridge
2,台北市,2023-02,0.0242952287937318,0.014756663683745713,149638846,2208170.1244458174,0.5095935940231718,23,Ridge
2,台北市,2023-01,0.024753166504223,0.012534815209854113,150601015,1887755.8934414673,0.4352955539036176,24,Ridge
18,高雄市,2024-08,0.0103995822073197,0.010083782263596594,76445571,770860.4929803141,0.1763084951431667,25,Ridge
18,高雄市,2024-09,0.0103160026636861,0.009793008111093354,74726522,731797.4360597959,0.16725050617315218,26,Ridge
18,高雄市,2024-10,0.0106666346309988,0.009582908351209755,74833256,717120.2338706175,0.16384713874569362,27,Ridge
18,高雄市,2024-07,0.0097272774736757,0.00928868314626572,75789449,703984.1775910654,0.16080113409910965,28,Ridge
18,高雄市,2024-06,0.0097029081949074,0.009336903159759569,74508383,695677.5566612761,0.15887498477307976,29,Ridge
18,高雄市,2024-05,0.0092526968566422,0.00913423701385749,75453677,689211.7692850475,0.15737569016192057,30,Ridge
18,高雄市,2024-11,0.0099672362330394,0.009098712395886274,74638243,679111.9067912719,0.15503372180922798,31,Ridge
1,台中市,2024-08,0.0049485930470327,0.006605941595904538,93106666,615057.1977853908,0.140180638272184,32,Ridge
18,高雄市,2024-04,0.0088167733682226,0.008361552535175037,72697003,607859.8097342773,0.13851169921007855,33,Ridge
1,台中市,2024-07,0.0050717603346298,0.006528656432131217,91691044,598619.3241794264,0.1363690042232596,34,Ridge
18,高雄市,2024-12,0.0093937360751257,0.007818480182513002,76188749,595680.2241869573,0.13568748215580537,35,Ridge
18,高雄市,2024-03,0.0087959553575281,0.007885111856451178,73413856,578876.4663733994,0.1317910064334956,36,Ridge
1,台中市,2023-05,0.0047166655547567,0.0067322785542253405,85198748,573581.7040072491,0.13056325052056175,37,Ridge
18,高雄市,2024-02,0.0092634608808599,0.008282782949117811,69073860,572123.7898377508,0.13022518761643695,38,Ridge
1,台中市,2024-06,0.005086455975727,0.006352010721631642,89141438,566227.3699176623,0.12885791862088936,39,Ridge
1,台中市,2023-07,0.0039011537489381,0.00639545805676899,88352324,565053.5823600643,0.12858573933979783,40,Ridge
1,台中市,2024-05,0.0053698125149205,0.006132344457258047,90060500,552282.0079928883,0.1256242512006851,41,Ridge
18,高雄市,2023-07,0.0074241616022837,0.0075495417036520445,72715012,548965.0155755589,0.12485510297987573,42,Ridge
1,台中市,2023-06,0.0045192366771725,0.0065022182715652,84062205,546590.8052990595,0.12430456822421684,43,Ridge
1,台中市,2024-04,0.0050139417150448,0.00630149514201855,86254094,543529.7543202114,0.12359476801427745,44,Ridge
18,高雄市,2023-06,0.0074165812912214,0.00761456195396939,70313933,535409.7990557528,0.12171190294890044,45,Ridge
18,高雄市,2023-05,0.0073673130324993,0.007277819976920493,71509246,520431.41907332186,0.11823869804981633,46,Ridge
1,台中市,2024-10,0.0053335358463098,0.005597530307352747,92201499,516100.685035854,0.11723448219381542,47,Ridge
18,高雄市,2023-08,0.0072626433700059,0.007068444647566865,72770887,514376.98671384313,0.116834788938365,48,Ridge
18,高雄市,2023-04,0.0072676536052442,0.007416283092199408,69103321,512489.7911471283,0.11639718374370896,49,Ridge
1,台中市,2023-08,0.0038891217382726,0.00573218848631354,88242545,505822.9004520044,0.11485125705129476,50,Ridge
1,台中市,2023-04,0.0045837914903281,0.00617765267142366,80874752,499616.127743526,0.11341202307513212,51,Ridge
18,高雄市,2023-09,0.0072402596456467,0.007112227561343953,70004948,497891.1205960502,0.11301202632764705,52,Ridge
18,高雄市,2023-10,0.0073344168353603,0.006669403218595861,73731288,491743.68949841836,0.11158655255610958,53,Ridge
1,台中市,2024-03,0.005180946413341,0.005601502653887426,86498675,484522.557570246,0.10991210773502215,54,Ridge
1,台中市,2024-11,0.0053715518688012,0.005202125735862222,89130853,463669.90425065253,0.10507676921687352,55,Ridge
1,台中市,2024-09,0.0059255774856446,0.005061925100231922,89818250,454653.2541339058,0.1029859774626554,56,Ridge
18,高雄市,2023-11,0.0078835203817456,0.006024584198878431,71037046,427968.66486660024,0.09679832257060669,57,Ridge
1,台中市,2024-12,0.0049010702095886,0.004444097029901956,91332297,405889.5898318233,0.09167859989913074,58,Ridge
1,台中市,2023-09,0.0041150221550795,0.004790700636971951,84609265,405337.6597292286,0.09155061767818745,59,Ridge
18,高雄市,2023-12,0.0081525821553909,0.005525066237537744,73192884,404395.53221641656,0.09133215600897497,60,Ridge
1,台中市,2023-10,0.0041575284299753,0.004547784297332701,88351290,401802.6093110877,0.09073090590393698,61,Ridge
18,高雄市,2024-01,0.0084728167462474,0.005358116898911575,71595789,383618.6069318075,0.08651437739933542,62,Ridge
1,台中市,2023-03,0.0045328198731414,0.004578098653564161,82294468,376752.19314657897,0.08492218505103288,63,Ridge
1,台中市,2024-02,0.0041393945343125,0.004643047658226681,79776643,370406.7554623359,0.08345079727227463,64,Ridge
1,台中市,2024-01,0.0045842227976283,0.0042440255990597985,84537776,358780.4854315831,0.0807548836904153,65,Ridge
1,台中市,2023-11,0.004384997280045,0.004198783011832496,84398456,354370.8032776924,0.0797323612495197,66,Ridge
1,台中市,2023-12,0.0043099435292875,0.003224592131709777,87034319,280650.18023611873,0.06263793385404297,67,Ridge
18,高雄市,2023-03,0.0074067612587539,0.003815587984954682,69792448,266299.22602937446,0.05931021720405405,68,Ridge
1,台中市,2023-02,0.0044359488218992,0.003317560754585145,73104315,242528.00643483014,0.05379811800174924,69,Ridge
18,高雄市,2023-02,0.0073832287430704,0.0036510771718499388,62070947,226625.81762680743,0.050110699192841356,70,Ridge
1,台中市,2023-01,0.004314509206442,0.002791987756620204,79677197,222457.75850581605,0.04914420459358029,71,Ridge
18,高雄市,2023-01,0.0076003610724822,0.0030551970618884964,69219343,211478.73335945208,0.04659837493975611,72,Ridge
17,雲林縣,2024-06,0.0059036259727468,0.008054555174107391,12346480,99445.40436601342,0.02061995086604913,73,Ridge
17,雲林縣,2024-05,0.0069832347669813,0.007994119854420695,12286140,98216.87570819228,0.02033507815231009,74,Ridge
17,雲林縣,2024-08,0.0055734021560452,0.0074100011433878635,12832198,95086.60185217946,0.019609226457738903,75,Ridge
17,雲林縣,2024-07,0.0057084904173503,0.007470216701033702,12550078,93751.80227487563,0.019299711514425607,76,Ridge
17,雲林縣,2024-03,0.0067437219132936,0.007609006649065749,12189263,92748.18321421112,0.01906699111059002,77,Ridge
17,雲林縣,2024-04,0.0063642443192899,0.007455551119942377,12243716,91283.65053605639,0.018727393498658543,78,Ridge
17,雲林縣,2024-09,0.0064444017379692,0.007118988254855754,12420703,88422.83877405163,0.018064025000943357,79,Ridge
17,雲林縣,2024-12,0.0064326120715438,0.006905958699412127,12110166,83632.30623902497,0.016953190512207405,80,Ridge
17,雲林縣,2024-10,0.0060430726035567,0.006561974418918568,12562649,82435.78137185294,0.01667573887622191,81,Ridge
17,雲林縣,2023-06,0.0056819306295556,0.007010591895735036,11672089,81828.25254969805,0.016534864356820066,82,Ridge
17,雲林縣,2023-05,0.0061867544953126,0.006924643459797637,11678498,80869.43479595978,0.01631253253431865,83,Ridge
17,雲林縣,2023-08,0.005038645141422,0.0064761438541054515,12235432,79238.41774912518,0.01593433032525463,84,Ridge
17,雲林縣,2023-07,0.0051030427812622,0.006337405575483461,12119044,76803.29701512938,0.015369671578908494,85,Ridge
17,雲林縣,2024-11,0.006130263498029,0.006298236160534553,12061798,75968.05232466335,0.015175994028047628,86,Ridge
17,雲林縣,2023-09,0.0055740085692568,0.006267465184535195,11774650,73797.20893508733,0.014672616232540792,87,Ridge
17,雲林縣,2023-04,0.0053610497122875,0.006103443841669465,11368296,69385.75621147561,0.013649683229792951,88,Ridge
17,雲林縣,2023-12,0.0059901431033413,0.005768572885400964,11864992,68444.07113669935,0.013431324153648288,89,Ridge
17,雲林縣,2024-02,0.0053547059173241,0.005681610120209844,11908964,67662.0903836147,0.013249997509125396,90,Ridge
17,雲林縣,2024-01,0.0057799474212183,0.005688015957511065,11563600,65773.94132627494,0.012812171217907939,91,Ridge
17,雲林縣,2023-10,0.0055952979143864,0.005285975485816173,12263154,64822.73142278854,0.012591603512941084,92,Ridge
17,雲林縣,2023-11,0.0063155595080657,0.005018932735983268,11653916,58490.22051479918,0.011123213210723447,93,Ridge
17,雲林縣,2023-03,0.0062861026922412,0.00478107701471864,11197399,53535.62698353349,0.009974336059392852,94,Ridge
15,花蓮縣,2024-08,0.0029313520350556,0.005292655387899766,7660970,40546.87414703847,0.006962488313667168,95,Ridge
15,花蓮縣,2024-07,0.0034077178914512,0.005413900433219631,7454549,40358.18606055697,0.006918735091547348,96,Ridge
15,花蓮縣,2024-06,0.0032211034658418,0.005437326689941556,7082666,38510.768877741604,0.006490353756747939,97,Ridge
15,花蓮縣,2024-09,0.0035000894997585,0.005037419443880264,7396668,37260.119203126946,0.006200351594831586,98,Ridge
15,花蓮縣,2024-05,0.0037552655557585,0.005200184857713893,6940388,36091.30058425921,0.005929324517273542,99,Ridge
15,花蓮縣,2024-03,0.0032709550695694,0.004452894237869409,7422297,33050.7035430554,0.0052242671911784,100,Ridge
17,雲林縣,2023-02,0.0053043938591847,0.003249037629994665,10106150,32835.261644370585,0.005174310262668255,101,Ridge
15,花蓮縣,2023-07,0.001658151618717,0.003917612279595856,8159085,31964.131586266354,0.00497231156927845,102,Ridge
15,花蓮縣,2024-04,0.0029257996055312,0.004532853981572471,6709277,30412.172962922603,0.0046124415232457056,103,Ridge
17,雲林縣,2023-01,0.0049376184121969,0.002621323571968707,11567115,30321.151209172807,0.004591335288698455,104,Ridge
15,花蓮縣,2023-05,0.002082628145524,0.004069888230534952,7332562,29842.707783467828,0.004480393247433494,105,Ridge
15,花蓮縣,2024-10,0.0030249297354783,0.0040807848435126925,7277855,29699.360377283065,0.004447153677198535,106,Ridge
15,花蓮縣,2023-08,0.0017488667965403,0.0035304867096170554,8356840,29503.712554396192,0.004401786622968178,107,Ridge
15,花蓮縣,2024-11,0.0033294179448417,0.004065315607198801,7226188,29376.734856952688,0.004372342880630722,108,Ridge
15,花蓮縣,2024-12,0.0029397662485475,0.003992679637938084,7343441,29320.00735309968,0.004359188838302635,109,Ridge
15,花蓮縣,2023-06,0.0018639473186116,0.0038584084387252157,7496993,28926.46105626387,0.004267932846146618,110,Ridge
15,花蓮縣,2023-09,0.0022947830837442,0.0033097043467212655,7374989,24409.03315032152,0.0032204261897136786,111,Ridge
15,花蓮縣,2023-04,0.0017804875070053,0.0031881482866652835,7369330,23494.516813371072,0.0030083670334154376,112,Ridge
15,花蓮縣,2024-01,0.0026190596479384,0.003075313621835169,7204876,22157.253306433286,0.0026982807511131686,113,Ridge
15,花蓮縣,2023-03,0.0018876092608042,0.003060973061833237,7110052,21763.67764023353,0.002607017948753455,114,Ridge
15,花蓮縣,2024-02,0.0021411757956205,0.0028428816066848666,7390332,21009.838910094582,0.0024322169106098745,115,Ridge
15,花蓮縣,2023-10,0.0022544578685661,0.002520515679972103,7635095,19244.376665576605,0.00202283938620468,116,Ridge
15,花蓮縣,2023-11,0.0024368729654794,0.0026085893659686934,7359842,19198.80557640976,0.0020122723068318415,117,Ridge
15,花蓮縣,2023-12,0.0024376603486481,0.0017990727908855455,7481354,13459.50042038274,0.0006814352731450621,118,Ridge
15,花蓮縣,2023-02,0.001611905050052,0.0019204792303744449,6395538,12282.497896070516,0.00040851050167641,119,Ridge
15,花蓮縣,2023-01,0.0014841444411398,0.0013975073244801642,7528243,10520.774732966525,0.0,120,Ridge
