feature,importance
county_label_2,0.83541596
county_label_11,0.06928862
year,0.039418675
total_county_invoice_amount,0.028973378
housing_burden,0.012855797
county_label_18,0.0048494735
donation_count_lag3,0.0029329916
county_label_1,0.002238015
total_county_invoice_count,0.000787119
donation_count_lag1,0.0007833241
county_label_14,0.0006503761
month_num,0.0004829507
industry_invoice_count,0.00033587613
donation_count_lag2,0.00023248309
county_label_4,0.00019018844
county_label_3,0.00011175024
county_label_15,6.948862e-05
county_label_0,6.925348e-05
county_label_8,6.786128e-05
county_label_6,6.435906e-05
month_sin,4.831934e-05
month_cos,4.198112e-05
county_label_5,1.5997332e-05
county_label_9,1.5839449e-05
county_label_17,1.3079416e-05
county_label_10,1.1941717e-05
price_income_ratio,1.0277388e-05
county_label_7,5.117061e-06
county_label_12,4.322695e-06
county_label_13,4.242373e-06
county_label_16,2.805384e-06
industry_invoice_amount,1.8963851e-06
carrier_type_label_1,1.7952224e-06
industry_label_80,1.3738103e-06
industry_label_44,1.0553015e-06
industry_label_98,7.272221e-07
industry_label_60,3.2991179e-07
industry_label_87,3.260314e-07
industry_label_1,1.970669e-07
carrier_type_label_0,1.7447988e-07
industry_label_62,1.2504832e-07
industry_label_2,5.1751083e-08
industry_label_0,4.39966e-08
industry_label_79,2.1182178e-08
industry_label_63,2.1125313e-08
industry_label_101,1.401063e-08
industry_label_5,1.1503367e-08
industry_label_13,7.788213e-09
industry_label_17,0.0
industry_label_12,0.0
industry_label_14,0.0
industry_label_16,0.0
industry_label_15,0.0
industry_label_25,0.0
industry_label_26,0.0
industry_label_27,0.0
industry_label_28,0.0
industry_label_29,0.0
industry_label_3,0.0
industry_label_30,0.0
industry_label_31,0.0
industry_label_32,0.0
industry_label_18,0.0
industry_label_19,0.0
industry_label_20,0.0
industry_label_21,0.0
industry_label_22,0.0
industry_label_23,0.0
industry_label_24,0.0
industry_label_100,0.0
industry_label_102,0.0
industry_label_11,0.0
industry_label_10,0.0
industry_label_42,0.0
industry_label_41,0.0
industry_label_40,0.0
industry_label_4,0.0
industry_label_39,0.0
industry_label_38,0.0
industry_label_37,0.0
industry_label_36,0.0
industry_label_35,0.0
industry_label_34,0.0
industry_label_33,0.0
industry_label_51,0.0
industry_label_50,0.0
industry_label_46,0.0
industry_label_45,0.0
industry_label_43,0.0
industry_label_57,0.0
industry_label_56,0.0
industry_label_55,0.0
industry_label_58,0.0
industry_label_6,0.0
industry_label_59,0.0
industry_label_61,0.0
industry_label_64,0.0
industry_label_65,0.0
industry_label_66,0.0
industry_label_52,0.0
industry_label_53,0.0
industry_label_54,0.0
industry_label_47,0.0
industry_label_48,0.0
industry_label_49,0.0
industry_label_71,0.0
industry_label_70,0.0
industry_label_7,0.0
industry_label_69,0.0
industry_label_68,0.0
industry_label_67,0.0
industry_label_74,0.0
industry_label_72,0.0
industry_label_78,0.0
industry_label_8,0.0
industry_label_81,0.0
industry_label_82,0.0
industry_label_75,0.0
industry_label_76,0.0
industry_label_77,0.0
industry_label_73,0.0
industry_label_86,0.0
industry_label_85,0.0
industry_label_84,0.0
industry_label_83,0.0
industry_label_90,0.0
industry_label_88,0.0
industry_label_89,0.0
industry_label_9,0.0
industry_label_93,0.0
industry_label_92,0.0
industry_label_91,0.0
industry_label_94,0.0
industry_label_97,0.0
industry_label_96,0.0
industry_label_95,0.0
industry_label_99,0.0
