county_label,month,donation_ratio,housing_burden,donation_ratio_lag1,industry_hhi,donation_ratio_lag3,donation_ratio_lag2
0,2019-01,0.0009502762571561,32.5,,0.5875995439161948,,
0,2019-02,0.0007523003883376,32.5,0.0009502762571561,0.6020457109825523,,
0,2019-03,0.0008803208081672,32.5,0.0007523003883376,0.5716490282306805,,0.0009502762571561
0,2019-04,0.0009151874290828,33.14,0.0008803208081672,0.5792421561411466,0.0009502762571561,0.0007523003883376
0,2019-05,0.0009937313087901,33.14,0.0009151874290828,0.5920432874521919,0.0007523003883376,0.0008803208081672
0,2019-06,0.0009139677692238,33.14,0.0009937313087901,0.5840621519611164,0.0008803208081672,0.0009151874290828
0,2019-07,0.0008749698047082,36.25,0.0009139677692238,0.5750425841384288,0.0009151874290828,0.0009937313087901
0,2019-08,0.0009665312154567,36.25,0.0008749698047082,0.5840317017699609,0.0009937313087901,0.0009139677692238
0,2019-09,0.001013820414047,36.25,0.0009665312154567,0.5837306216640668,0.0009139677692238,0.0008749698047082
0,2019-10,0.0009866738875972,33.23,0.001013820414047,0.5813009199133131,0.0008749698047082,0.0009665312154567
0,2019-11,0.000982416344852,33.23,0.0009866738875972,0.5742704400033705,0.0009665312154567,0.001013820414047
0,2019-12,0.0009455592651688,33.23,0.000982416344852,0.5764770773471279,0.001013820414047,0.0009866738875972
0,2020-01,0.0,34.04,0.0009455592651688,0.6082643666252893,0.0009866738875972,0.000982416344852
0,2022-01,0.0005702121447523,36.08,,0.5353324131372965,,
0,2022-02,0.0005669104826128,36.08,0.0005702121447523,0.5096650604345718,,
0,2022-03,0.0006981198003011,36.08,0.0005669104826128,0.4977629366961249,,0.0005702121447523
0,2022-04,0.0006859109217365,37.56,0.0006981198003011,0.5271963961565114,0.0005702121447523,0.0005669104826128
0,2022-05,0.000835034196881,37.56,0.0006859109217365,0.5290293908439656,0.0005669104826128,0.0006981198003011
0,2022-06,0.0009221805786719,37.56,0.000835034196881,0.5305503500041714,0.0006981198003011,0.0006859109217365
0,2022-07,0.0008819469778742,38.07,0.0009221805786719,0.5145259929839318,0.0006859109217365,0.000835034196881
0,2022-08,0.0009717310936676,38.07,0.0008819469778742,0.49973016414371635,0.000835034196881,0.0009221805786719
0,2022-09,0.0010052908078635,38.07,0.0009717310936676,0.5223621351566217,0.0009221805786719,0.0008819469778742
0,2022-10,0.0009301029824027,37.86,0.0010052908078635,0.5124131155870412,0.0008819469778742,0.0009717310936676
0,2022-11,0.0009626232786709,37.86,0.0009301029824027,0.5063887279259612,0.0009717310936676,0.0010052908078635
0,2022-12,0.000976156594502,37.86,0.0009626232786709,0.5161267443490855,0.0010052908078635,0.0009301029824027
0,2023-01,0.0016271696398818,39.7,0.000976156594502,0.5392722549647939,0.0009301029824027,0.0009626232786709
0,2023-02,0.0018273934975917,39.7,0.0016271696398818,0.4716476782891734,0.0009626232786709,0.000976156594502
0,2023-03,0.0020704972131058,39.7,0.0018273934975917,0.49646463077926906,0.000976156594502,0.0016271696398818
0,2023-04,0.0019479267266392,40.13,0.0020704972131058,0.5159066324761306,0.0016271696398818,0.0018273934975917
0,2023-05,0.0023739800018885,40.13,0.0019479267266392,0.5240762173178536,0.0018273934975917,0.0020704972131058
0,2023-06,0.0022519757022789,40.13,0.0023739800018885,0.5231232593797256,0.0020704972131058,0.0019479267266392
0,2023-07,0.0021010426785473,40.45,0.0022519757022789,0.5172681307437126,0.0019479267266392,0.0023739800018885
0,2023-08,0.0022141391214639,40.45,0.0021010426785473,0.5272573996443195,0.0023739800018885,0.0022519757022789
0,2023-09,0.0020892119286263,40.45,0.0022141391214639,0.5367381943523709,0.0022519757022789,0.0021010426785473
0,2023-10,0.0020622247430616,41.86,0.0020892119286263,0.5312029809976099,0.0021010426785473,0.0022141391214639
0,2023-11,0.0021418721504239,41.86,0.0020622247430616,0.5167297185140722,0.0022141391214639,0.0020892119286263
0,2023-12,0.0022744480545255,41.86,0.0021418721504239,0.5215542868750799,0.0020892119286263,0.0020622247430616
0,2024-01,0.0025140559820023,42.17,0.0022744480545255,0.5246258912340592,0.0020622247430616,0.0021418721504239
0,2024-02,0.0020724928080332,42.17,0.0025140559820023,0.5206988875517883,0.0021418721504239,0.0022744480545255
0,2024-03,0.0025004410525496,42.17,0.0020724928080332,0.5068397771222912,0.0022744480545255,0.0025140559820023
0,2024-04,0.002666300303676,42.89,0.0025004410525496,0.5224459350081483,0.0025140559820023,0.0020724928080332
0,2024-05,0.0025499557105584,42.89,0.002666300303676,0.5290320375109909,0.0020724928080332,0.0025004410525496
0,2024-06,0.0025830504032053,42.89,0.0025499557105584,0.5211669632503431,0.0025004410525496,0.002666300303676
0,2024-07,0.0025004501059384,43.21,0.0025830504032053,0.5160643045193322,0.002666300303676,0.0025499557105584
0,2024-08,0.0025244998446835,43.21,0.0025004501059384,0.523740717996123,0.0025499557105584,0.0025830504032053
0,2024-09,0.0027299598609408,43.21,0.0025244998446835,0.5300301205979948,0.0025830504032053,0.0025004501059384
0,2024-10,0.0021834294478596,42.35,0.0027299598609408,0.5246051058247777,0.0025004501059384,0.0025244998446835
0,2024-11,0.0021463532138625,42.35,0.0021834294478596,0.517399741633358,0.0025244998446835,0.0027299598609408
0,2024-12,0.0021445275631203,42.35,0.0021463532138625,0.5126305004218886,0.0027299598609408,0.0021834294478596
3,2019-01,0.0007162884323415,28.89,,0.5284564538202321,,
3,2019-02,0.0006795655742588,28.89,0.0007162884323415,0.5436776103170499,,
3,2019-03,0.0007986409712337,28.89,0.0006795655742588,0.5215606799739658,,0.0007162884323415
3,2019-04,0.0008704087368374,29.18,0.0007986409712337,0.5266461741934987,0.0007162884323415,0.0006795655742588
3,2019-05,0.000924349623455,29.18,0.0008704087368374,0.5289499863853246,0.0006795655742588,0.0007986409712337
3,2019-06,0.0010621461453984,29.18,0.000924349623455,0.5253501785563875,0.0007986409712337,0.0008704087368374
3,2019-07,0.0013116701902812,28.41,0.0010621461453984,0.5154324162984515,0.0008704087368374,0.000924349623455
3,2019-08,0.0013234425543614,28.41,0.0013116701902812,0.5190790579097583,0.000924349623455,0.0010621461453984
3,2019-09,0.0012332291153088,28.41,0.0013234425543614,0.5202552567451706,0.0010621461453984,0.0013116701902812
3,2019-10,0.0010542650992704,29.47,0.0012332291153088,0.525765567948138,0.0013116701902812,0.0013234425543614
3,2019-11,0.0010920681194743,29.47,0.0010542650992704,0.5312211349198376,0.0013234425543614,0.0012332291153088
3,2019-12,0.0012220094422838,29.47,0.0010920681194743,0.5322073704706832,0.0012332291153088,0.0010542650992704
3,2020-01,0.0,29.81,0.0012220094422838,0.5406070611347209,0.0010542650992704,0.0010920681194743
3,2022-01,0.0007562975305924,36.84,,0.5007341853098345,,
3,2022-02,0.0007502205426287,36.84,0.0007562975305924,0.5090545935192736,,
3,2022-03,0.0007851387979308,36.84,0.0007502205426287,0.4832475935768419,,0.0007562975305924
3,2022-04,0.0007464165936173,38.26,0.0007851387979308,0.4967020532788722,0.0007562975305924,0.0007502205426287
3,2022-05,0.0008825140562657,38.26,0.0007464165936173,0.4993871528544111,0.0007502205426287,0.0007851387979308
3,2022-06,0.0009805691846373,38.26,0.0008825140562657,0.499122810421178,0.0007851387979308,0.0007464165936173
3,2022-07,0.001083079750249,40.16,0.0009805691846373,0.499261850093942,0.0007464165936173,0.0008825140562657
3,2022-08,0.0011516783752348,40.16,0.001083079750249,0.4976476385477611,0.0008825140562657,0.0009805691846373
3,2022-09,0.0011977457137852,40.16,0.0011516783752348,0.502921356688453,0.0009805691846373,0.001083079750249
3,2022-10,0.001183025836923,39.22,0.0011977457137852,0.5073748887469107,0.001083079750249,0.0011516783752348
3,2022-11,0.0012255609314642,39.22,0.001183025836923,0.50983361714973,0.0011516783752348,0.0011977457137852
3,2022-12,0.0014079584135194,39.22,0.0012255609314642,0.5153815674809207,0.0011977457137852,0.001183025836923
3,2023-01,0.0026461836546601,39.96,0.0014079584135194,0.5241522258634166,0.001183025836923,0.0012255609314642
3,2023-02,0.002666928720794,39.96,0.0026461836546601,0.5003074421832331,0.0012255609314642,0.0014079584135194
3,2023-03,0.0029645003068164,39.96,0.002666928720794,0.4940906076012725,0.0014079584135194,0.0026461836546601
3,2023-04,0.0028997047422022,40.94,0.0029645003068164,0.5023991450475966,0.0026461836546601,0.002666928720794
3,2023-05,0.0032470803355952,40.94,0.0028997047422022,0.5012219949882538,0.002666928720794,0.0029645003068164
3,2023-06,0.0030416190947624,40.94,0.0032470803355952,0.5010996023692723,0.0029645003068164,0.0028997047422022
3,2023-07,0.0027579444921864,40.67,0.0030416190947624,0.49989007489318493,0.0028997047422022,0.0032470803355952
3,2023-08,0.0029136975520646,40.67,0.0027579444921864,0.49882257257948837,0.0032470803355952,0.0030416190947624
3,2023-09,0.0032631729079729,40.67,0.0029136975520646,0.5044053720037069,0.0030416190947624,0.0027579444921864
3,2023-10,0.0032902357004731,40.47,0.0032631729079729,0.5063726170147088,0.0027579444921864,0.0029136975520646
3,2023-11,0.0034581232944593,40.47,0.0032902357004731,0.5110286946461089,0.0029136975520646,0.0032631729079729
3,2023-12,0.003498648722949,40.47,0.0034581232944593,0.5112870871235059,0.0032631729079729,0.0032902357004731
3,2024-01,0.0037257536839779,41.76,0.003498648722949,0.5042435989529804,0.0032902357004731,0.0034581232944593
3,2024-02,0.0033969069832906,41.76,0.0037257536839779,0.513399513382905,0.0034581232944593,0.003498648722949
3,2024-03,0.0041895770504996,41.76,0.0033969069832906,0.4930223912822774,0.003498648722949,0.0037257536839779
3,2024-04,0.0040696915198785,44.48,0.0041895770504996,0.49716025832875366,0.0037257536839779,0.0033969069832906
3,2024-05,0.0052167029135432,44.48,0.0040696915198785,0.4978525461783617,0.0033969069832906,0.0041895770504996
3,2024-06,0.004706853499999,44.48,0.0052167029135432,0.49500298935385967,0.0041895770504996,0.0040696915198785
3,2024-07,0.0046366130770545,44.79,0.004706853499999,0.496103411511981,0.0040696915198785,0.0052167029135432
3,2024-08,0.0046303943401659,44.79,0.0046366130770545,0.4934874565572276,0.0052167029135432,0.004706853499999
3,2024-09,0.0056522463589259,44.79,0.0046303943401659,0.4949694351497039,0.004706853499999,0.0046366130770545
3,2024-10,0.0052042511558443,45.06,0.0056522463589259,0.5015905480542989,0.0046366130770545,0.0046303943401659
3,2024-11,0.0054576604503145,45.06,0.0052042511558443,0.5007517190843954,0.0046303943401659,0.0056522463589259
3,2024-12,0.0048722835367741,45.06,0.0054576604503145,0.5012663528963905,0.0056522463589259,0.0052042511558443
4,2019-01,0.0015737959055469,28.72,,0.47494992840282657,,
4,2019-02,0.0012840503495804,28.72,0.0015737959055469,0.5083079646666218,,
4,2019-03,0.0015047783618495,28.72,0.0012840503495804,0.4868040203774066,,0.0015737959055469
4,2019-04,0.0015816723892018,31.34,0.0015047783618495,0.5043765352870712,0.0015737959055469,0.0012840503495804
4,2019-05,0.0016840278297001,31.34,0.0015816723892018,0.5118383172531329,0.0012840503495804,0.0015047783618495
4,2019-06,0.0017231721022169,31.34,0.0016840278297001,0.514508282461854,0.0015047783618495,0.0015816723892018
4,2019-07,0.0015942379713088,32.81,0.0017231721022169,0.5009259633175782,0.0015816723892018,0.0016840278297001
4,2019-08,0.0015357085107529,32.81,0.0015942379713088,0.4971799242047026,0.0016840278297001,0.0017231721022169
4,2019-09,0.0017959152525845,32.81,0.0015357085107529,0.5127972002936849,0.0017231721022169,0.0015942379713088
4,2019-10,0.0016352926293473,31.69,0.0017959152525845,0.512977774028063,0.0015942379713088,0.0015357085107529
4,2019-11,0.0018926114074999,31.69,0.0016352926293473,0.5062889194365191,0.0015357085107529,0.0017959152525845
4,2019-12,0.0015702831251763,31.69,0.0018926114074999,0.4932533877860993,0.0017959152525845,0.0016352926293473
4,2020-01,0.0,30.9,0.0015702831251763,0.5020087972733138,0.0016352926293473,0.0018926114074999
4,2022-01,0.000563062528989,32.79,,0.44722546152747705,,
4,2022-02,0.0005180839622119,32.79,0.000563062528989,0.4680402330050042,,
4,2022-03,0.0006325132343182,32.79,0.0005180839622119,0.4504804634960864,,0.000563062528989
4,2022-04,0.000601962711517,32.98,0.0006325132343182,0.4756727789398913,0.000563062528989,0.0005180839622119
4,2022-05,0.000660726263618,32.98,0.000601962711517,0.4805284452683107,0.0005180839622119,0.0006325132343182
4,2022-06,0.0006823848855815,32.98,0.000660726263618,0.4773491425741684,0.0006325132343182,0.000601962711517
4,2022-07,0.000723458211508,33.21,0.0006823848855815,0.47680132001342007,0.000601962711517,0.000660726263618
4,2022-08,0.0007534045821948,33.21,0.000723458211508,0.47813766309158756,0.000660726263618,0.0006823848855815
4,2022-09,0.000818306020856,33.21,0.0007534045821948,0.5012809574166195,0.0006823848855815,0.000723458211508
4,2022-10,0.0008455311768255,34.15,0.000818306020856,0.5022770615649702,0.000723458211508,0.0007534045821948
4,2022-11,0.000871148310572,34.15,0.0008455311768255,0.49074183923264064,0.0007534045821948,0.000818306020856
4,2022-12,0.0008259497086421,34.15,0.000871148310572,0.4810759281072842,0.000818306020856,0.0008455311768255
4,2023-01,0.0013940669938553,32.29,0.0008259497086421,0.5054912589481623,0.0008455311768255,0.000871148310572
4,2023-02,0.00153259343261,32.29,0.0013940669938553,0.4831577501987072,0.000871148310572,0.0008259497086421
4,2023-03,0.0016203328015791,32.29,0.00153259343261,0.4936019341489283,0.0008259497086421,0.0013940669938553
4,2023-04,0.00150854701828,32.58,0.0016203328015791,0.5151405677247276,0.0013940669938553,0.00153259343261
4,2023-05,0.0017392556432258,32.58,0.00150854701828,0.5210842673382882,0.00153259343261,0.0016203328015791
4,2023-06,0.0015683547047882,32.58,0.0017392556432258,0.5187710170813129,0.0016203328015791,0.00150854701828
4,2023-07,0.001532651472333,33.21,0.0015683547047882,0.5101447835732978,0.00150854701828,0.0017392556432258
4,2023-08,0.0015285694598382,33.21,0.001532651472333,0.505279658734749,0.0017392556432258,0.0015683547047882
4,2023-09,0.0020632103241019,33.21,0.0015285694598382,0.534481799132863,0.0015683547047882,0.001532651472333
4,2023-10,0.0018571920328316,34.16,0.0020632103241019,0.5208607656323587,0.001532651472333,0.0015285694598382
4,2023-11,0.0024229839557243,34.16,0.0018571920328316,0.5160010023431192,0.0015285694598382,0.0020632103241019
4,2023-12,0.0029879343923391,34.16,0.0024229839557243,0.5064320709413935,0.0020632103241019,0.0018571920328316
4,2024-01,0.0034784324340686,34.6,0.0029879343923391,0.5031446718740888,0.0018571920328316,0.0024229839557243
4,2024-02,0.0026080738084274,34.6,0.0034784324340686,0.516321494539203,0.0024229839557243,0.0029879343923391
4,2024-03,0.0038959234619105,34.6,0.0026080738084274,0.5048182660559493,0.0029879343923391,0.0034784324340686
4,2024-04,0.0033496869246174,37.12,0.0038959234619105,0.5259283807076269,0.0034784324340686,0.0026080738084274
4,2024-05,0.0038080636800346,37.12,0.0033496869246174,0.5366917890438022,0.0026080738084274,0.0038959234619105
4,2024-06,0.0031189783388422,37.12,0.0038080636800346,0.5302444175551454,0.0038959234619105,0.0033496869246174
4,2024-07,0.0041161369532719,37.57,0.0031189783388422,0.5193666675354026,0.0033496869246174,0.0038080636800346
4,2024-08,0.0034506820272752,37.57,0.0041161369532719,0.5077837252240727,0.0038080636800346,0.0031189783388422
4,2024-09,0.0041121637779835,37.57,0.0034506820272752,0.5267429284070088,0.0031189783388422,0.0041161369532719
4,2024-10,0.0036028887933823,37.23,0.0041121637779835,0.5283954230522462,0.0041161369532719,0.0034506820272752
4,2024-11,0.0035314503070058,37.23,0.0036028887933823,0.516613374347745,0.0034506820272752,0.0041121637779835
4,2024-12,0.002418632823779,37.23,0.0035314503070058,0.5100027971579656,0.0041121637779835,0.0036028887933823
5,2019-01,0.0009690796709276,22.26,,0.4353277524839078,,
5,2019-02,0.0009477408737261,22.26,0.0009690796709276,0.4553111909239997,,
5,2019-03,0.0009723213881926,22.26,0.0009477408737261,0.43594295327315147,,0.0009690796709276
5,2019-04,0.000953084152744,27.49,0.0009723213881926,0.4447158863627547,0.0009690796709276,0.0009477408737261
5,2019-05,0.0009683891350375,27.49,0.000953084152744,0.44919646303970767,0.0009477408737261,0.0009723213881926
5,2019-06,0.0010054706379056,27.49,0.0009683891350375,0.4478194767382679,0.0009723213881926,0.000953084152744
5,2019-07,0.0010657164334817,28.07,0.0010054706379056,0.4376581588235579,0.000953084152744,0.0009683891350375
5,2019-08,0.001075075658564,28.07,0.0010657164334817,0.4433034256067778,0.0009683891350375,0.0010054706379056
5,2019-09,0.0010877698345317,28.07,0.001075075658564,0.4484955024329431,0.0010054706379056,0.0010657164334817
5,2019-10,0.001092008937231,27.63,0.0010877698345317,0.45270389883819434,0.0010657164334817,0.001075075658564
5,2019-11,0.0011911586873752,27.63,0.001092008937231,0.449371403524693,0.001075075658564,0.0010877698345317
5,2019-12,0.0012396654427812,27.63,0.0011911586873752,0.4439670032199955,0.0010877698345317,0.001092008937231
5,2020-01,0.0,27.4,0.0012396654427812,0.45227589170552024,0.001092008937231,0.0011911586873752
5,2022-01,0.0007566862223662,24.98,,0.40406672954051914,,
5,2022-02,0.0008693532655723,24.98,0.0007566862223662,0.4060538091575642,,
5,2022-03,0.0008083498248117,24.98,0.0008693532655723,0.3935032675924216,,0.0007566862223662
5,2022-04,0.0008296394496711,25.75,0.0008083498248117,0.4123978433865207,0.0007566862223662,0.0008693532655723
5,2022-05,0.0007731252359454,25.75,0.0008296394496711,0.4082513261576863,0.0008693532655723,0.0008083498248117
5,2022-06,0.0007462607122658,25.75,0.0007731252359454,0.41222474779596846,0.0008083498248117,0.0008296394496711
5,2022-07,0.0007948814393909,26.09,0.0007462607122658,0.40622804894845566,0.0008296394496711,0.0007731252359454
5,2022-08,0.000778527560042,26.09,0.0007948814393909,0.40049015025568463,0.0007731252359454,0.0007462607122658
5,2022-09,0.0007504564589906,26.09,0.000778527560042,0.41169328040972797,0.0007462607122658,0.0007948814393909
5,2022-10,0.0007867641613208,27.85,0.0007504564589906,0.4108286563230012,0.0007948814393909,0.000778527560042
5,2022-11,0.0008273635076096,27.85,0.0007867641613208,0.4050326873888559,0.000778527560042,0.0007504564589906
5,2022-12,0.0011943920922939,27.85,0.0008273635076096,0.41192970228095205,0.0007504564589906,0.0007867641613208
5,2023-01,0.0022545677779662,28.88,0.0011943920922939,0.4178511846184754,0.0007867641613208,0.0008273635076096
5,2023-02,0.0027687807268814,28.88,0.0022545677779662,0.3912534278366204,0.0008273635076096,0.0011943920922939
5,2023-03,0.0041259196906849,28.88,0.0027687807268814,0.3871234468459581,0.0011943920922939,0.0022545677779662
5,2023-04,0.0038149112517371,30.2,0.0041259196906849,0.40430094405915096,0.0022545677779662,0.0027687807268814
5,2023-05,0.0046741620294728,30.2,0.0038149112517371,0.3995714388148669,0.0027687807268814,0.0041259196906849
5,2023-06,0.0044511595926305,30.2,0.0046741620294728,0.39959017590677126,0.0041259196906849,0.0038149112517371
5,2023-07,0.0040130552495264,31.3,0.0044511595926305,0.39812090518573817,0.0038149112517371,0.0046741620294728
5,2023-08,0.0048216926861865,31.3,0.0040130552495264,0.40148987310852446,0.0046741620294728,0.0044511595926305
5,2023-09,0.0051363943190278,31.3,0.0048216926861865,0.4151457960402513,0.0044511595926305,0.0040130552495264
5,2023-10,0.0047495849472676,32.11,0.0051363943190278,0.4091183252066093,0.0040130552495264,0.0048216926861865
5,2023-11,0.0058849911049304,32.11,0.0047495849472676,0.40785344415084607,0.0048216926861865,0.0051363943190278
5,2023-12,0.0051621719280198,32.11,0.0058849911049304,0.41004386376980734,0.0051363943190278,0.0047495849472676
5,2024-01,0.0050925004640091,33.83,0.0051621719280198,0.40446391255812497,0.0047495849472676,0.0058849911049304
5,2024-02,0.0047196658420709,33.83,0.0050925004640091,0.4118674875508777,0.0058849911049304,0.0051621719280198
5,2024-03,0.0058703165186519,33.83,0.0047196658420709,0.3988604117175259,0.0051621719280198,0.0050925004640091
5,2024-04,0.0060144300525809,35.11,0.0058703165186519,0.40500676260584956,0.0050925004640091,0.0047196658420709
5,2024-05,0.0063212897821752,35.11,0.0060144300525809,0.40910190833659005,0.0047196658420709,0.0058703165186519
5,2024-06,0.0067833030225741,35.11,0.0063212897821752,0.4095929887261006,0.0058703165186519,0.0060144300525809
5,2024-07,0.0089131147920172,35.87,0.0067833030225741,0.4015616156908183,0.0060144300525809,0.0063212897821752
5,2024-08,0.0082716898462059,35.87,0.0089131147920172,0.40525243048626647,0.0063212897821752,0.0067833030225741
5,2024-09,0.0090830516912141,35.87,0.0082716898462059,0.4075833466457438,0.0067833030225741,0.0089131147920172
5,2024-10,0.0078004327793401,36.62,0.0090830516912141,0.41099322026096125,0.0089131147920172,0.0082716898462059
5,2024-11,0.0082660701902396,36.62,0.0078004327793401,0.40528951899541993,0.0082716898462059,0.0090830516912141
5,2024-12,0.007939612359564,36.62,0.0082660701902396,0.4045210872455324,0.0090830516912141,0.0078004327793401
6,2019-01,0.0007308469433648,22.72,,0.6825959172331117,,
6,2019-02,0.0007768437438547,22.72,0.0007308469433648,0.6930090667337787,,
6,2019-03,0.0007500466055427,22.72,0.0007768437438547,0.6974893885846774,,0.0007308469433648
6,2019-04,0.000673906861467,25.27,0.0007500466055427,0.6916356839650187,0.0007308469433648,0.0007768437438547
6,2019-05,0.0006174865533351,25.27,0.000673906861467,0.692789430419783,0.0007768437438547,0.0007500466055427
6,2019-06,0.000595653023815,25.27,0.0006174865533351,0.693812378391452,0.0007500466055427,0.000673906861467
6,2019-07,0.0005935821632625,22.63,0.000595653023815,0.6836203107139255,0.000673906861467,0.0006174865533351
6,2019-08,0.0005856351332142,22.63,0.0005935821632625,0.6871716465018407,0.0006174865533351,0.000595653023815
6,2019-09,0.0007618236962457,22.63,0.0005856351332142,0.6914352243190283,0.000595653023815,0.0005935821632625
6,2019-10,0.000828995019124,22.16,0.0007618236962457,0.6925249646575349,0.0005935821632625,0.0005856351332142
6,2019-11,0.0008147367123144,22.16,0.000828995019124,0.6949493311193782,0.0005856351332142,0.0007618236962457
6,2019-12,0.000829051002973,22.16,0.0008147367123144,0.6965939984355959,0.0007618236962457,0.000828995019124
6,2020-01,0.0,24.45,0.000829051002973,0.6804040914119159,0.000828995019124,0.0008147367123144
6,2022-01,0.0007723973495201,22.72,,0.6472406610125887,,
6,2022-02,0.000759224970103,22.72,0.0007723973495201,0.6402724398330512,,
6,2022-03,0.0007908747745686,22.72,0.000759224970103,0.6371958433482936,,0.0007723973495201
6,2022-04,0.000734113913804,24.25,0.0007908747745686,0.6411227407210589,0.0007723973495201,0.000759224970103
6,2022-05,0.0009950590088051,24.25,0.000734113913804,0.64258115854699,0.000759224970103,0.0007908747745686
6,2022-06,0.0009067490825751,24.25,0.0009950590088051,0.6392759765684249,0.0007908747745686,0.000734113913804
6,2022-07,0.0010095457288543,24.29,0.0009067490825751,0.6288449489615331,0.000734113913804,0.0009950590088051
6,2022-08,0.0011397474132199,24.29,0.0010095457288543,0.6255886177384999,0.0009950590088051,0.0009067490825751
6,2022-09,0.0011444149852454,24.29,0.0011397474132199,0.6392555210691148,0.0009067490825751,0.0010095457288543
6,2022-10,0.0011380608814204,25.5,0.0011444149852454,0.6468856057517287,0.0010095457288543,0.0011397474132199
6,2022-11,0.0012375140701353,25.5,0.0011380608814204,0.6455325157471186,0.0011397474132199,0.0011444149852454
6,2022-12,0.0011665328920485,25.5,0.0012375140701353,0.6504559067209448,0.0011444149852454,0.0011380608814204
6,2023-01,0.0020212451121759,26.12,0.0011665328920485,0.6390206007570918,0.0011380608814204,0.0012375140701353
6,2023-02,0.0022467261525056,26.12,0.0020212451121759,0.6333309035403539,0.0012375140701353,0.0011665328920485
6,2023-03,0.0023212451006507,26.12,0.0022467261525056,0.6398468611349285,0.0011665328920485,0.0020212451121759
6,2023-04,0.0021182036416792,26.6,0.0023212451006507,0.6329032640877821,0.0020212451121759,0.0022467261525056
6,2023-05,0.0022937144723573,26.6,0.0021182036416792,0.6348062278054352,0.0022467261525056,0.0023212451006507
6,2023-06,0.0021826383561894,26.6,0.0022937144723573,0.6328851373043374,0.0023212451006507,0.0021182036416792
6,2023-07,0.0022292519188879,27.95,0.0021826383561894,0.6275393268079753,0.0021182036416792,0.0022937144723573
6,2023-08,0.0021717133444187,27.95,0.0022292519188879,0.6241853143868017,0.0022937144723573,0.0021826383561894
6,2023-09,0.0022082522500608,27.95,0.0021717133444187,0.6338192287397284,0.0021826383561894,0.0022292519188879
6,2023-10,0.0022590182020449,28.6,0.0022082522500608,0.6342225390796816,0.0022292519188879,0.0021717133444187
6,2023-11,0.002617994866714,28.6,0.0022590182020449,0.635299336931549,0.0021717133444187,0.0022082522500608
6,2023-12,0.0025385150063368,28.6,0.002617994866714,0.6364105828520917,0.0022082522500608,0.0022590182020449
6,2024-01,0.0031249794353978,30.66,0.0025385150063368,0.626717234261538,0.0022590182020449,0.002617994866714
6,2024-02,0.0026138340519124,30.66,0.0031249794353978,0.627089657440793,0.002617994866714,0.0025385150063368
6,2024-03,0.003327230305796,30.66,0.0026138340519124,0.6315608100385908,0.0025385150063368,0.0031249794353978
6,2024-04,0.0029473386413255,31.67,0.003327230305796,0.6271379565058178,0.0031249794353978,0.0026138340519124
6,2024-05,0.0033000516688977,31.67,0.0029473386413255,0.633778763638149,0.0026138340519124,0.003327230305796
6,2024-06,0.0030967017461209,31.67,0.0033000516688977,0.6288670971716214,0.003327230305796,0.0029473386413255
6,2024-07,0.0035475823911351,33.12,0.0030967017461209,0.6319703227250307,0.0029473386413255,0.0033000516688977
6,2024-08,0.0032599112705424,33.12,0.0035475823911351,0.631371744796736,0.0033000516688977,0.0030967017461209
6,2024-09,0.0034397244888467,33.12,0.0032599112705424,0.6416356011138447,0.0030967017461209,0.0035475823911351
6,2024-10,0.0029390054624555,33.27,0.0034397244888467,0.6455569277717377,0.0035475823911351,0.0032599112705424
6,2024-11,0.0030434336380415,33.27,0.0029390054624555,0.6429409159595527,0.0032599112705424,0.0034397244888467
6,2024-12,0.0026838406353495,33.27,0.0030434336380415,0.6409484471526723,0.0034397244888467,0.0029390054624555
7,2019-01,0.0010653242248769,23.39,,0.611334569846399,,
7,2019-02,0.0010402784807606,23.39,0.0010653242248769,0.6356998098871298,,
7,2019-03,0.0011673660380218,23.39,0.0010402784807606,0.6092235419349367,,0.0010653242248769
7,2019-04,0.001048125794841,34.65,0.0011673660380218,0.6140978248394434,0.0010653242248769,0.0010402784807606
7,2019-05,0.0010304886384803,34.65,0.001048125794841,0.6198763691270678,0.0010402784807606,0.0011673660380218
7,2019-06,0.001053029745238,34.65,0.0010304886384803,0.6386590997124315,0.0011673660380218,0.001048125794841
7,2019-07,0.0009755082130275,29.45,0.001053029745238,0.6228597708269049,0.001048125794841,0.0010304886384803
7,2019-08,0.0008748549418191,29.45,0.0009755082130275,0.6374067393636336,0.0010304886384803,0.001053029745238
7,2019-09,0.0009699365204342,29.45,0.0008748549418191,0.6288153157934802,0.001053029745238,0.0009755082130275
7,2019-10,0.0010066775252448,31.94,0.0009699365204342,0.6169458550453867,0.0009755082130275,0.0008748549418191
7,2019-11,0.0010452040710698,31.94,0.0010066775252448,0.630666694516262,0.0008748549418191,0.0009699365204342
7,2019-12,0.0009709319718835,31.94,0.0010452040710698,0.6023931363185852,0.0009699365204342,0.0010066775252448
7,2020-01,0.0,30.27,0.0009709319718835,0.6315100741939685,0.0010066775252448,0.0010452040710698
7,2022-01,0.0004757091354185,23.07,,0.5741937913666421,,
7,2022-02,0.0005187066507346,23.07,0.0004757091354185,0.5639703122224184,,
7,2022-03,0.0007507173579044,23.07,0.0005187066507346,0.5294065921920739,,0.0004757091354185
7,2022-04,0.0007809033418026,24.06,0.0007507173579044,0.5574022229781134,0.0004757091354185,0.0005187066507346
7,2022-05,0.0008121551284155,24.06,0.0007809033418026,0.5377300340079307,0.0005187066507346,0.0007507173579044
7,2022-06,0.000838201540617,24.06,0.0008121551284155,0.5620546034549935,0.0007507173579044,0.0007809033418026
7,2022-07,0.0008280153090781,24.1,0.000838201540617,0.5728418965334301,0.0007809033418026,0.0008121551284155
7,2022-08,0.0008144671121346,24.1,0.0008280153090781,0.556165831144531,0.0008121551284155,0.000838201540617
7,2022-09,0.0008789096227796,24.1,0.0008144671121346,0.5668552904274782,0.000838201540617,0.0008280153090781
7,2022-10,0.0010823033578258,24.74,0.0008789096227796,0.5467923914058375,0.0008280153090781,0.0008144671121346
7,2022-11,0.001254713299268,24.74,0.0010823033578258,0.539623444061232,0.0008144671121346,0.0008789096227796
7,2022-12,0.0015124830556138,24.74,0.001254713299268,0.5283807580080481,0.0008789096227796,0.0010823033578258
7,2023-01,0.0048194868211441,25.38,0.0015124830556138,0.5708838402989536,0.0010823033578258,0.001254713299268
7,2023-02,0.0050183980035185,25.38,0.0048194868211441,0.538448036866779,0.001254713299268,0.0015124830556138
7,2023-03,0.0079157122425619,25.38,0.0050183980035185,0.5368932899348592,0.0015124830556138,0.0048194868211441
7,2023-04,0.0080068941282776,25.98,0.0079157122425619,0.5645135512465834,0.0048194868211441,0.0050183980035185
7,2023-05,0.0081608517816082,25.98,0.0080068941282776,0.551517224349938,0.0050183980035185,0.0079157122425619
7,2023-06,0.0073100324759209,25.98,0.0081608517816082,0.5688141027470863,0.0079157122425619,0.0080068941282776
7,2023-07,0.0056407006832261,26.29,0.0073100324759209,0.5662466858016952,0.0080068941282776,0.0081608517816082
7,2023-08,0.0061050606861884,26.29,0.0056407006832261,0.5490891440711413,0.0081608517816082,0.0073100324759209
7,2023-09,0.0090843538895709,26.29,0.0061050606861884,0.5625731903240604,0.0073100324759209,0.0056407006832261
7,2023-10,0.0087476493572246,27.13,0.0090843538895709,0.5376538266955945,0.0056407006832261,0.0061050606861884
7,2023-11,0.0096066116932263,27.13,0.0087476493572246,0.5498031875569986,0.0061050606861884,0.0090843538895709
7,2023-12,0.009011988395345,27.13,0.0096066116932263,0.5379406500624442,0.0090843538895709,0.0087476493572246
7,2024-01,0.0099036783872144,27.88,0.009011988395345,0.523743089472116,0.0087476493572246,0.0096066116932263
7,2024-02,0.0080218093851742,27.88,0.0099036783872144,0.5325874071243466,0.0096066116932263,0.009011988395345
7,2024-03,0.0116728630333456,27.88,0.0080218093851742,0.5105781331087222,0.009011988395345,0.0099036783872144
7,2024-04,0.010941146293499,27.99,0.0116728630333456,0.5206641429502491,0.0099036783872144,0.0080218093851742
7,2024-05,0.0120011184461426,27.99,0.010941146293499,0.5222163220974321,0.0080218093851742,0.0116728630333456
7,2024-06,0.0115792055042603,27.99,0.0120011184461426,0.5370750269801776,0.0116728630333456,0.010941146293499
7,2024-07,0.0107010196364774,28.19,0.0115792055042603,0.5268900648549054,0.010941146293499,0.0120011184461426
7,2024-08,0.0109841483735991,28.19,0.0107010196364774,0.5317837994323327,0.0120011184461426,0.0115792055042603
7,2024-09,0.0144552725068427,28.19,0.0109841483735991,0.5251034681441302,0.0115792055042603,0.0107010196364774
7,2024-10,0.0140468868521908,28.31,0.0144552725068427,0.51694885215632,0.0107010196364774,0.0109841483735991
7,2024-11,0.0155153742302479,28.31,0.0140468868521908,0.5197993346542134,0.0109841483735991,0.0144552725068427
7,2024-12,0.0143393343568888,28.31,0.0155153742302479,0.4991633482580839,0.0144552725068427,0.0140468868521908
8,2019-01,0.0007820136342603,30.31,,0.6128666319927702,,
8,2019-02,0.0005992499563811,30.31,0.0007820136342603,0.6338258924474645,,
8,2019-03,0.0007077518428873,30.31,0.0005992499563811,0.6222859401887372,,0.0007820136342603
8,2019-04,0.0006771050807435,29.97,0.0007077518428873,0.6298363444331242,0.0007820136342603,0.0005992499563811
8,2019-05,0.0007006043606238,29.97,0.0006771050807435,0.628686313158986,0.0005992499563811,0.0007077518428873
8,2019-06,0.00064893660945,29.97,0.0007006043606238,0.6432774902389718,0.0007077518428873,0.0006771050807435
8,2019-07,0.0006060789753587,31.71,0.00064893660945,0.6247499077227584,0.0006771050807435,0.0007006043606238
8,2019-08,0.0005997689576772,31.71,0.0006060789753587,0.6333941043465754,0.0007006043606238,0.00064893660945
8,2019-09,0.0006818547543668,31.71,0.0005997689576772,0.6300021129742819,0.00064893660945,0.0006060789753587
8,2019-10,0.0007587598595354,30.72,0.0006818547543668,0.6233319589163772,0.0006060789753587,0.0005997689576772
8,2019-11,0.0007948919229727,30.72,0.0007587598595354,0.6225911299324516,0.0005997689576772,0.0006818547543668
8,2019-12,0.0007530213269331,30.72,0.0007948919229727,0.6093712033106935,0.0006818547543668,0.0007587598595354
8,2020-01,0.0,31.02,0.0007530213269331,0.6320017718624642,0.0007587598595354,0.0007948919229727
8,2022-01,0.0007445886839528,38.56,,0.5821735339302783,,
8,2022-02,0.00078153331724,38.56,0.0007445886839528,0.5700257612735726,,
8,2022-03,0.0007227490162256,38.56,0.00078153331724,0.5699112660026875,,0.0007445886839528
8,2022-04,0.0006560228936985,37.66,0.0007227490162256,0.5889525519800096,0.0007445886839528,0.00078153331724
8,2022-05,0.0007081433171832,37.66,0.0006560228936985,0.5837834394673587,0.00078153331724,0.0007227490162256
8,2022-06,0.000787204289004,37.66,0.0007081433171832,0.5942872918428259,0.0007227490162256,0.0006560228936985
8,2022-07,0.0008039673762714,37.63,0.000787204289004,0.5739522309851199,0.0006560228936985,0.0007081433171832
8,2022-08,0.0008354192232191,37.63,0.0008039673762714,0.5618771739221835,0.0007081433171832,0.000787204289004
8,2022-09,0.0010437086578679,37.63,0.0008354192232191,0.5777230635313909,0.000787204289004,0.0008039673762714
8,2022-10,0.0012561853888252,37.69,0.0010437086578679,0.5602392511713254,0.0008039673762714,0.0008354192232191
8,2022-11,0.0012841058111548,37.69,0.0012561853888252,0.5553895469367668,0.0008354192232191,0.0010437086578679
8,2022-12,0.001257367645025,37.69,0.0012841058111548,0.5463420692309915,0.0010437086578679,0.0012561853888252
8,2023-01,0.0018337960982084,38.0,0.001257367645025,0.5588814169315631,0.0012561853888252,0.0012841058111548
8,2023-02,0.0020674353494223,38.0,0.0018337960982084,0.5364076126764644,0.0012841058111548,0.001257367645025
8,2023-03,0.0023849424331977,38.0,0.0020674353494223,0.5576650283016042,0.001257367645025,0.0018337960982084
8,2023-04,0.002222535128416,38.62,0.0023849424331977,0.5590763449636854,0.0018337960982084,0.0020674353494223
8,2023-05,0.0025360139729511,38.62,0.002222535128416,0.5631230069155247,0.0020674353494223,0.0023849424331977
8,2023-06,0.0023150700767297,38.62,0.0025360139729511,0.5708700370534542,0.0023849424331977,0.002222535128416
8,2023-07,0.0017457222794774,39.19,0.0023150700767297,0.5624417050490125,0.002222535128416,0.0025360139729511
8,2023-08,0.0018616633768975,39.19,0.0017457222794774,0.5569041398470111,0.0025360139729511,0.0023150700767297
8,2023-09,0.0023800607569829,39.19,0.0018616633768975,0.5695538637131314,0.0023150700767297,0.0017457222794774
8,2023-10,0.0030109914865222,38.79,0.0023800607569829,0.5523576611462283,0.0017457222794774,0.0018616633768975
8,2023-11,0.0029518237020554,38.79,0.0030109914865222,0.5528684850376484,0.0018616633768975,0.0023800607569829
8,2023-12,0.0035240129658838,38.79,0.0029518237020554,0.5350976369516748,0.0023800607569829,0.0030109914865222
8,2024-01,0.0031005639164917,39.21,0.0035240129658838,0.534145439975148,0.0030109914865222,0.0029518237020554
8,2024-02,0.0032242282121394,39.21,0.0031005639164917,0.5375534257107621,0.0029518237020554,0.0035240129658838
8,2024-03,0.0033012258704917,39.21,0.0032242282121394,0.5380734187503612,0.0035240129658838,0.0031005639164917
8,2024-04,0.0034843084787792,40.83,0.0033012258704917,0.5450427107066406,0.0031005639164917,0.0032242282121394
8,2024-05,0.0033112647513958,40.83,0.0034843084787792,0.5465187917226481,0.0032242282121394,0.0033012258704917
8,2024-06,0.0030365162645426,40.83,0.0033112647513958,0.5526190250689789,0.0033012258704917,0.0034843084787792
8,2024-07,0.0028683017362449,40.62,0.0030365162645426,0.5449007861128903,0.0034843084787792,0.0033112647513958
8,2024-08,0.0030089617407914,40.62,0.0028683017362449,0.5395474720681827,0.0033112647513958,0.0030365162645426
8,2024-09,0.0037923981669349,40.62,0.0030089617407914,0.54906908977968,0.0030365162645426,0.0028683017362449
8,2024-10,0.0037583764145488,40.18,0.0037923981669349,0.537123886072024,0.0028683017362449,0.0030089617407914
8,2024-11,0.0035785702483863,40.18,0.0037583764145488,0.5303559736289968,0.0030089617407914,0.0037923981669349
8,2024-12,0.0036372458569127,40.18,0.0035785702483863,0.5133997017233644,0.0037923981669349,0.0037583764145488
9,2019-01,0.0007978115280873,22.7,,0.5918519617715897,,
9,2019-02,0.0006899935999194,22.7,0.0007978115280873,0.607944356266987,,
9,2019-03,0.0007591679449807,22.7,0.0006899935999194,0.5898922969779945,,0.0007978115280873
9,2019-04,0.00075208712223,22.21,0.0007591679449807,0.5865499208739842,0.0007978115280873,0.0006899935999194
9,2019-05,0.0008048836303661,22.21,0.00075208712223,0.5923766895302124,0.0006899935999194,0.0007591679449807
9,2019-06,0.0007862710734328,22.21,0.0008048836303661,0.5903896578083067,0.0007591679449807,0.00075208712223
9,2019-07,0.0008648931293101,22.03,0.0007862710734328,0.5759974997404882,0.00075208712223,0.0008048836303661
9,2019-08,0.0008202381017411,22.03,0.0008648931293101,0.580469430733646,0.0008048836303661,0.0007862710734328
9,2019-09,0.0007957294369671,22.03,0.0008202381017411,0.582365875017863,0.0007862710734328,0.0008648931293101
9,2019-10,0.0007919628318578,21.65,0.0007957294369671,0.5829094188994931,0.0008648931293101,0.0008202381017411
9,2019-11,0.0007681613292452,21.65,0.0007919628318578,0.5822538051588804,0.0008202381017411,0.0007957294369671
9,2019-12,0.0007685057928828,21.65,0.0007681613292452,0.5808075082139592,0.0007957294369671,0.0007919628318578
9,2020-01,0.0,21.98,0.0007685057928828,0.5889782477693674,0.0007919628318578,0.0007681613292452
9,2022-01,0.0004914176004398,26.03,,0.5545028399658023,,
9,2022-02,0.0004653567869784,26.03,0.0004914176004398,0.5560834033788185,,
9,2022-03,0.0006197170963139,26.03,0.0004653567869784,0.5361269956540744,,0.0004914176004398
9,2022-04,0.0006139337417266,28.03,0.0006197170963139,0.5480914458173637,0.0004914176004398,0.0004653567869784
9,2022-05,0.0005402122813109,28.03,0.0006139337417266,0.5423574173398014,0.0004653567869784,0.0006197170963139
9,2022-06,0.0005250917071978,28.03,0.0005402122813109,0.5429984966618088,0.0006197170963139,0.0006139337417266
9,2022-07,0.0005838055778358,27.69,0.0005250917071978,0.5323187462532294,0.0006139337417266,0.0005402122813109
9,2022-08,0.0005560004482503,27.69,0.0005838055778358,0.5334940592779341,0.0005402122813109,0.0005250917071978
9,2022-09,0.0008189003663474,27.69,0.0005560004482503,0.5488247053620626,0.0005250917071978,0.0005838055778358
9,2022-10,0.0009843492286606,28.36,0.0008189003663474,0.551326530365952,0.0005838055778358,0.0005560004482503
9,2022-11,0.0010075820814984,28.36,0.0009843492286606,0.5464722958585868,0.0005560004482503,0.0008189003663474
9,2022-12,0.0011425183789418,28.36,0.0010075820814984,0.5488265158262281,0.0008189003663474,0.0009843492286606
9,2023-01,0.0019677447631753,29.0,0.0011425183789418,0.5507498978099294,0.0009843492286606,0.0010075820814984
9,2023-02,0.0020426463365613,29.0,0.0019677447631753,0.5316496447932871,0.0010075820814984,0.0011425183789418
9,2023-03,0.0026703142506026,29.0,0.0020426463365613,0.5332372873356863,0.0011425183789418,0.0019677447631753
9,2023-04,0.0023886066816283,29.23,0.0026703142506026,0.5421772965291832,0.0019677447631753,0.0020426463365613
9,2023-05,0.0027511714592276,29.23,0.0023886066816283,0.5362324170787541,0.0020426463365613,0.0026703142506026
9,2023-06,0.0023928456213172,29.23,0.0027511714592276,0.5345908571097843,0.0026703142506026,0.0023886066816283
9,2023-07,0.0018810779449208,29.79,0.0023928456213172,0.537896831654619,0.0023886066816283,0.0027511714592276
9,2023-08,0.0020979233505299,29.79,0.0018810779449208,0.5345446878164577,0.0027511714592276,0.0023928456213172
9,2023-09,0.0027915249636844,29.79,0.0020979233505299,0.5520447213075641,0.0023928456213172,0.0018810779449208
9,2023-10,0.0028547799915404,30.84,0.0027915249636844,0.5509372920960363,0.0018810779449208,0.0020979233505299
9,2023-11,0.0032430576289887,30.84,0.0028547799915404,0.5499572357335818,0.0020979233505299,0.0027915249636844
9,2023-12,0.003116684697899,30.84,0.0032430576289887,0.55035919665951,0.0027915249636844,0.0028547799915404
9,2024-01,0.0030227937724455,32.76,0.003116684697899,0.5440088279455065,0.0028547799915404,0.0032430576289887
9,2024-02,0.0024808193556544,32.76,0.0030227937724455,0.555393323647997,0.0032430576289887,0.003116684697899
9,2024-03,0.0035975350088775,32.76,0.0024808193556544,0.5424547689949598,0.003116684697899,0.0030227937724455
9,2024-04,0.0036103089927405,33.18,0.0035975350088775,0.5447909600629893,0.0030227937724455,0.0024808193556544
9,2024-05,0.0041933512068537,33.18,0.0036103089927405,0.5426934705390561,0.0024808193556544,0.0035975350088775
9,2024-06,0.0036198024465876,33.18,0.0041933512068537,0.5418057687372662,0.0035975350088775,0.0036103089927405
9,2024-07,0.0038816895678293,33.71,0.0036198024465876,0.5419112114212575,0.0036103089927405,0.0041933512068537
9,2024-08,0.0037895813353175,33.71,0.0038816895678293,0.5424545150523362,0.0041933512068537,0.0036198024465876
9,2024-09,0.0053874900382869,33.71,0.0037895813353175,0.553940612885317,0.0036198024465876,0.0038816895678293
9,2024-10,0.0053562474344402,33.68,0.0053874900382869,0.5657345675858546,0.0038816895678293,0.0037895813353175
9,2024-11,0.0063870336381763,33.68,0.0053562474344402,0.5573578704381508,0.0037895813353175,0.0053874900382869
9,2024-12,0.0063005705520102,33.68,0.0063870336381763,0.5539422576637002,0.0053874900382869,0.0053562474344402
10,2019-01,0.0013785062263665,34.22,,0.5775968932093672,,
10,2019-02,0.001126874324201,34.22,0.0013785062263665,0.5906682736877925,,
10,2019-03,0.0014583623832167,34.22,0.001126874324201,0.5700031444376732,,0.0013785062263665
10,2019-04,0.0013125768497333,36.68,0.0014583623832167,0.5762222164446597,0.0013785062263665,0.001126874324201
10,2019-05,0.0015356166768248,36.68,0.0013125768497333,0.5824678152343955,0.001126874324201,0.0014583623832167
10,2019-06,0.0011006815117816,36.68,0.0015356166768248,0.5801264417400215,0.0014583623832167,0.0013125768497333
10,2019-07,0.0010313487882616,31.97,0.0011006815117816,0.5794882463847785,0.0013125768497333,0.0015356166768248
10,2019-08,0.0010560700710339,31.97,0.0010313487882616,0.5801532816786784,0.0015356166768248,0.0011006815117816
10,2019-09,0.001050811361777,31.97,0.0010560700710339,0.5822760771170471,0.0011006815117816,0.0010313487882616
10,2019-10,0.0010553173757685,32.53,0.001050811361777,0.5829243678035648,0.0010313487882616,0.0010560700710339
10,2019-11,0.0010696826896086,32.53,0.0010553173757685,0.5805016281048135,0.0010560700710339,0.001050811361777
10,2019-12,0.0010280604552509,32.53,0.0010696826896086,0.5705641053125078,0.001050811361777,0.0010553173757685
10,2020-01,0.0,34.44,0.0010280604552509,0.5835546066321907,0.0010553173757685,0.0010696826896086
10,2022-01,0.0008450650587314,36.34,,0.5375450853918705,,
10,2022-02,0.0008026913787183,36.34,0.0008450650587314,0.5311240108105387,,
10,2022-03,0.0009865967256588,36.34,0.0008026913787183,0.5127045944029287,,0.0008450650587314
10,2022-04,0.0008999659180804,36.57,0.0009865967256588,0.5342897039359102,0.0008450650587314,0.0008026913787183
10,2022-05,0.0010383578262067,36.57,0.0008999659180804,0.5323664377244406,0.0008026913787183,0.0009865967256588
10,2022-06,0.0010137501873284,36.57,0.0010383578262067,0.5375236665949399,0.0009865967256588,0.0008999659180804
10,2022-07,0.0011055244934715,36.88,0.0010137501873284,0.5439874012832093,0.0008999659180804,0.0010383578262067
10,2022-08,0.0010887445590332,36.88,0.0011055244934715,0.5403500700441736,0.0010383578262067,0.0010137501873284
10,2022-09,0.0013726205429787,36.88,0.0010887445590332,0.5462453988861065,0.0010137501873284,0.0011055244934715
10,2022-10,0.0013064351030111,38.46,0.0013726205429787,0.5411760276165299,0.0011055244934715,0.0010887445590332
10,2022-11,0.001337445682539,38.46,0.0013064351030111,0.5375341240318262,0.0010887445590332,0.0013726205429787
10,2022-12,0.001454872562442,38.46,0.001337445682539,0.5343779048599178,0.0013726205429787,0.0013064351030111
10,2023-01,0.0026810040439215,38.48,0.001454872562442,0.5477305689805018,0.0013064351030111,0.001337445682539
10,2023-02,0.0028436350485773,38.48,0.0026810040439215,0.5211801173635321,0.001337445682539,0.001454872562442
10,2023-03,0.003605030401929,38.48,0.0028436350485773,0.524523153408959,0.001454872562442,0.0026810040439215
10,2023-04,0.003507561213321,39.43,0.003605030401929,0.5344600357702751,0.0026810040439215,0.0028436350485773
10,2023-05,0.0037139580176452,39.43,0.003507561213321,0.5319642445791323,0.0028436350485773,0.003605030401929
10,2023-06,0.0032791809909891,39.43,0.0037139580176452,0.5298567812700381,0.003605030401929,0.003507561213321
10,2023-07,0.0027686095066636,39.46,0.0032791809909891,0.5340453584017267,0.003507561213321,0.0037139580176452
10,2023-08,0.0029864694195053,39.46,0.0027686095066636,0.5307601343869883,0.0037139580176452,0.0032791809909891
10,2023-09,0.0034516347878487,39.46,0.0029864694195053,0.5322514893903703,0.0032791809909891,0.0027686095066636
10,2023-10,0.003438246534674,39.53,0.0034516347878487,0.5295037584300017,0.0027686095066636,0.0029864694195053
10,2023-11,0.0038686177762764,39.53,0.003438246534674,0.5301006947384496,0.0029864694195053,0.0034516347878487
10,2023-12,0.0038347078585455,39.53,0.0038686177762764,0.5250899222775891,0.0034516347878487,0.003438246534674
10,2024-01,0.003868417082042,39.96,0.0038347078585455,0.5217047597937098,0.003438246534674,0.0038686177762764
10,2024-02,0.003098330094453,39.96,0.003868417082042,0.526441908786948,0.0038686177762764,0.0038347078585455
10,2024-03,0.0046175343751794,39.96,0.003098330094453,0.5109815530060158,0.0038347078585455,0.003868417082042
10,2024-04,0.004611595321401,40.93,0.0046175343751794,0.5180543972210321,0.003868417082042,0.003098330094453
10,2024-05,0.0049258450655255,40.93,0.004611595321401,0.5223958645307865,0.003098330094453,0.0046175343751794
10,2024-06,0.0045262980448801,40.93,0.0049258450655255,0.5229908414571093,0.0046175343751794,0.004611595321401
10,2024-07,0.004073314651155,41.39,0.0045262980448801,0.5318950013401844,0.004611595321401,0.0049258450655255
10,2024-08,0.0041852914557804,41.39,0.004073314651155,0.5303247403653707,0.0049258450655255,0.0045262980448801
10,2024-09,0.0058661963130688,41.39,0.0041852914557804,0.5256361314480903,0.0045262980448801,0.004073314651155
10,2024-10,0.0056768741921969,40.94,0.0058661963130688,0.5258439319132171,0.004073314651155,0.0041852914557804
10,2024-11,0.0065831211791878,40.94,0.0056768741921969,0.5202903490478251,0.0041852914557804,0.0058661963130688
10,2024-12,0.0064139386460512,40.94,0.0065831211791878,0.5147484044150775,0.0058661963130688,0.0056768741921969
11,2019-01,0.0085294475862852,49.36,,0.5642446437198082,,
11,2019-02,0.0080745931630888,49.36,0.0085294475862852,0.5716443215437016,,
11,2019-03,0.0077451518805334,49.36,0.0080745931630888,0.5688689437810629,,0.0085294475862852
11,2019-04,0.0076449928391874,48.59,0.0077451518805334,0.57962941044853,0.0085294475862852,0.0080745931630888
11,2019-05,0.0077014302397419,48.59,0.0076449928391874,0.581765914589377,0.0080745931630888,0.0077451518805334
11,2019-06,0.0074140369011067,48.59,0.0077014302397419,0.5844380083434155,0.0077451518805334,0.0076449928391874
11,2019-07,0.0074379033121877,47.8,0.0074140369011067,0.5791499814025907,0.0076449928391874,0.0077014302397419
11,2019-08,0.0076973819874024,47.8,0.0074379033121877,0.580749120706033,0.0077014302397419,0.0074140369011067
11,2019-09,0.0076254209545373,47.8,0.0076973819874024,0.5776078118577174,0.0074140369011067,0.0074379033121877
11,2019-10,0.0081773848190484,48.01,0.0076254209545373,0.5763381774800825,0.0074379033121877,0.0076973819874024
11,2019-11,0.0083195190616864,48.01,0.0081773848190484,0.5718628592614987,0.0076973819874024,0.0076254209545373
11,2019-12,0.0086648449085341,48.01,0.0083195190616864,0.5613293749590663,0.0076254209545373,0.0081773848190484
11,2020-01,0.0,47.94,0.0086648449085341,0.5605345970388369,0.0081773848190484,0.0083195190616864
11,2022-01,0.0048562102505505,51.45,,0.4420087339477975,,
11,2022-02,0.0048512832135446,51.45,0.0048562102505505,0.43208316717847245,,
11,2022-03,0.0043214463017509,51.45,0.0048512832135446,0.44024471281865885,,0.0048562102505505
11,2022-04,0.0042035251302995,52.41,0.0043214463017509,0.44798968152633584,0.0048562102505505,0.0048512832135446
11,2022-05,0.0044620563977249,52.41,0.0042035251302995,0.4376361707514674,0.0048512832135446,0.0043214463017509
11,2022-06,0.0043266814196782,52.41,0.0044620563977249,0.4517545028920458,0.0043214463017509,0.0042035251302995
11,2022-07,0.0040980272099738,53.66,0.0043266814196782,0.4658312941863905,0.0042035251302995,0.0044620563977249
11,2022-08,0.0042715857821842,53.66,0.0040980272099738,0.4661897812799008,0.0044620563977249,0.0043266814196782
11,2022-09,0.0043233918954118,53.66,0.0042715857821842,0.464541398673057,0.0043266814196782,0.0040980272099738
11,2022-10,0.0044171871557749,53.1,0.0043233918954118,0.45952246823081516,0.0040980272099738,0.0042715857821842
11,2022-11,0.0047136898498212,53.1,0.0044171871557749,0.46557055232396555,0.0042715857821842,0.0043233918954118
11,2022-12,0.0049111469644115,53.1,0.0047136898498212,0.4579946875928298,0.0043233918954118,0.0044171871557749
11,2023-01,0.0100384889639921,54.13,0.0049111469644115,0.45982796572665746,0.0044171871557749,0.0047136898498212
11,2023-02,0.0102224042159587,54.13,0.0100384889639921,0.4463226045907642,0.0047136898498212,0.0049111469644115
11,2023-03,0.0099920558682481,54.13,0.0102224042159587,0.4569866244929869,0.0049111469644115,0.0100384889639921
11,2023-04,0.0098039807434053,55.41,0.0099920558682481,0.46144673524773483,0.0100384889639921,0.0102224042159587
11,2023-05,0.0098057401922854,55.41,0.0098039807434053,0.4639394740800128,0.0102224042159587,0.0099920558682481
11,2023-06,0.0102520278814278,55.41,0.0098057401922854,0.46723141849964994,0.0099920558682481,0.0098039807434053
11,2023-07,0.0105558067245133,55.35,0.0102520278814278,0.4557020220151709,0.0098039807434053,0.0098057401922854
11,2023-08,0.0114859724103921,55.35,0.0105558067245133,0.4623992739665836,0.0098057401922854,0.0102520278814278
11,2023-09,0.0114188672979303,55.35,0.0114859724103921,0.4654243644996298,0.0102520278814278,0.0105558067245133
11,2023-10,0.0118138561545837,56.01,0.0114188672979303,0.4585553360143042,0.0105558067245133,0.0114859724103921
11,2023-11,0.0127077551922941,56.01,0.0118138561545837,0.45972765134907895,0.0114859724103921,0.0114188672979303
11,2023-12,0.0125023477469796,56.01,0.0127077551922941,0.4529353486554222,0.0114188672979303,0.0118138561545837
11,2024-01,0.013034863940484,57.18,0.0125023477469796,0.44749337901951736,0.0118138561545837,0.0127077551922941
11,2024-02,0.0134343196904821,57.18,0.013034863940484,0.4525787969509439,0.0127077551922941,0.0125023477469796
11,2024-03,0.0129705248995949,57.18,0.0134343196904821,0.44600699326248205,0.0125023477469796,0.013034863940484
11,2024-04,0.0129551372471437,59.27,0.0129705248995949,0.45348438948190783,0.013034863940484,0.0134343196904821
11,2024-05,0.0106841485351758,59.27,0.0129551372471437,0.4563652215589358,0.0134343196904821,0.0129705248995949
11,2024-06,0.0105173386310738,59.27,0.0106841485351758,0.4600182704475824,0.0129705248995949,0.0129551372471437
11,2024-07,0.0110098441300759,60.69,0.0105173386310738,0.4594905967065718,0.0129551372471437,0.0106841485351758
11,2024-08,0.010898890563942,60.69,0.0110098441300759,0.4559809480529146,0.0106841485351758,0.0105173386310738
11,2024-09,0.0104343346163789,60.69,0.010898890563942,0.4563109071073315,0.0105173386310738,0.0110098441300759
11,2024-10,0.0104932601197458,61.01,0.0104343346163789,0.46056318261135537,0.0110098441300759,0.010898890563942
11,2024-11,0.0107933023707579,61.01,0.0104932601197458,0.4501852834294685,0.010898890563942,0.0104343346163789
11,2024-12,0.010236104273262,61.01,0.0107933023707579,0.44224320854013094,0.0104343346163789,0.0104932601197458
12,2019-01,0.0007694851857108,28.34,,0.5588122414038174,,
12,2019-02,0.0007087342327616,28.34,0.0007694851857108,0.5857419177659375,,
12,2019-03,0.0007865276823547,28.34,0.0007087342327616,0.5600466321828119,,0.0007694851857108
12,2019-04,0.0007910693113366,22.99,0.0007865276823547,0.5677279840127871,0.0007694851857108,0.0007087342327616
12,2019-05,0.0009033403824675,22.99,0.0007910693113366,0.5731112704984662,0.0007087342327616,0.0007865276823547
12,2019-06,0.0011819599791222,22.99,0.0009033403824675,0.5846731130296589,0.0007865276823547,0.0007910693113366
12,2019-07,0.0009237493852272,24.49,0.0011819599791222,0.5586391396057471,0.0007910693113366,0.0009033403824675
12,2019-08,0.0008918493968436,24.49,0.0009237493852272,0.571864801795226,0.0009033403824675,0.0011819599791222
12,2019-09,0.0011684749515449,24.49,0.0008918493968436,0.5657374395791798,0.0011819599791222,0.0009237493852272
12,2019-10,0.0013359401986879,23.34,0.0011684749515449,0.5578156553426359,0.0009237493852272,0.0008918493968436
12,2019-11,0.0011851269126211,23.34,0.0013359401986879,0.5668965221986672,0.0008918493968436,0.0011684749515449
12,2019-12,0.0011865625567283,23.34,0.0011851269126211,0.5552262013597951,0.0011684749515449,0.0013359401986879
12,2020-01,0.0,23.3,0.0011865625567283,0.5614450725427044,0.0013359401986879,0.0011851269126211
12,2022-01,0.0007346800567041,32.34,,0.5000191588044434,,
12,2022-02,0.0007487176088577,32.34,0.0007346800567041,0.5009601385111627,,
12,2022-03,0.0007545831874938,32.34,0.0007487176088577,0.48293765623740975,,0.0007346800567041
12,2022-04,0.0008065100122741,32.84,0.0007545831874938,0.49376794596733364,0.0007346800567041,0.0007487176088577
12,2022-05,0.000895072988327,32.84,0.0008065100122741,0.48387328108478866,0.0007487176088577,0.0007545831874938
12,2022-06,0.0011383940999741,32.84,0.000895072988327,0.4995357977450542,0.0007545831874938,0.0008065100122741
12,2022-07,0.0012763922478686,32.96,0.0011383940999741,0.5020176245369659,0.0008065100122741,0.000895072988327
12,2022-08,0.0012930184962024,32.96,0.0012763922478686,0.49717444944698286,0.000895072988327,0.0011383940999741
12,2022-09,0.0012605046864855,32.96,0.0012930184962024,0.5030781154583787,0.0011383940999741,0.0012763922478686
12,2022-10,0.0012643635818686,33.01,0.0012605046864855,0.497869621262962,0.0012763922478686,0.0012930184962024
12,2022-11,0.0012640865979309,33.01,0.0012643635818686,0.4950633199213538,0.0012930184962024,0.0012605046864855
12,2022-12,0.0011802601468905,33.01,0.0012640865979309,0.5093258325434374,0.0012605046864855,0.0012643635818686
12,2023-01,0.0024919925536836,33.7,0.0011802601468905,0.5064170246034089,0.0012643635818686,0.0012640865979309
12,2023-02,0.0024678777161507,33.7,0.0024919925536836,0.4787004055664031,0.0012640865979309,0.0011802601468905
12,2023-03,0.0025224339263377,33.7,0.0024678777161507,0.47657763670246045,0.0011802601468905,0.0024919925536836
12,2023-04,0.0025139067905631,35.37,0.0025224339263377,0.4991269294273866,0.0024919925536836,0.0024678777161507
12,2023-05,0.0025866866193942,35.37,0.0025139067905631,0.4899616139209062,0.0024678777161507,0.0025224339263377
12,2023-06,0.0026720422721943,35.37,0.0025866866193942,0.5019333536627049,0.0025224339263377,0.0025139067905631
12,2023-07,0.0030261035044804,35.8,0.0026720422721943,0.4973147326406793,0.0025139067905631,0.0025866866193942
12,2023-08,0.0032387573927978,35.8,0.0030261035044804,0.4935097076881679,0.0025866866193942,0.0026720422721943
12,2023-09,0.0033437538508139,35.8,0.0032387573927978,0.5008179334419923,0.0026720422721943,0.0030261035044804
12,2023-10,0.0031796176287779,37.43,0.0033437538508139,0.4866096321157305,0.0030261035044804,0.0032387573927978
12,2023-11,0.0034733012161338,37.43,0.0031796176287779,0.49542145728297027,0.0032387573927978,0.0033437538508139
12,2023-12,0.0037356494670169,37.43,0.0034733012161338,0.4999557469540119,0.0033437538508139,0.0031796176287779
12,2024-01,0.0042816719361031,39.7,0.0037356494670169,0.4767191717444399,0.0031796176287779,0.0034733012161338
12,2024-02,0.0041620161648945,39.7,0.0042816719361031,0.49260249588776794,0.0034733012161338,0.0037356494670169
12,2024-03,0.0048152215290573,39.7,0.0041620161648945,0.4741675025320437,0.0037356494670169,0.0042816719361031
12,2024-04,0.00467810003512,41.99,0.0048152215290573,0.4820997227390367,0.0042816719361031,0.0041620161648945
12,2024-05,0.0049793135760371,41.99,0.00467810003512,0.4835044747979056,0.0041620161648945,0.0048152215290573
12,2024-06,0.0047563746084594,41.99,0.0049793135760371,0.4951445788395821,0.0048152215290573,0.00467810003512
12,2024-07,0.00533588254685,41.97,0.0047563746084594,0.4843316236142112,0.00467810003512,0.0049793135760371
12,2024-08,0.0049628461170375,41.97,0.00533588254685,0.4893489414998634,0.0049793135760371,0.0047563746084594
12,2024-09,0.0059849644359928,41.97,0.0049628461170375,0.4852424930673044,0.0047563746084594,0.00533588254685
12,2024-10,0.0053233934079079,40.42,0.0059849644359928,0.4830117476426703,0.00533588254685,0.0049628461170375
12,2024-11,0.005748850974698,40.42,0.0053233934079079,0.4850570818176145,0.0049628461170375,0.0059849644359928
12,2024-12,0.0048803552554984,40.42,0.005748850974698,0.4800998487830139,0.0059849644359928,0.0053233934079079
13,2019-01,0.0007843437809099,32.11,,0.6370797753734578,,
13,2019-02,0.0006911688295649,32.11,0.0007843437809099,0.6536614381815892,,
13,2019-03,0.0007403323795359,32.11,0.0006911688295649,0.6574645268574039,,0.0007843437809099
13,2019-04,0.0007346442051527,33.77,0.0007403323795359,0.6604551148148209,0.0007843437809099,0.0006911688295649
13,2019-05,0.0007469982554195,33.77,0.0007346442051527,0.6634319920740256,0.0006911688295649,0.0007403323795359
13,2019-06,0.0007194005733069,33.77,0.0007469982554195,0.641631270140988,0.0007403323795359,0.0007346442051527
13,2019-07,0.0008187638882643,33.22,0.0007194005733069,0.6280866616886147,0.0007346442051527,0.0007469982554195
13,2019-08,0.0008107228280302,33.22,0.0008187638882643,0.63006588742884,0.0007469982554195,0.0007194005733069
13,2019-09,0.0008145052104816,33.22,0.0008107228280302,0.6432943692958595,0.0007194005733069,0.0008187638882643
13,2019-10,0.0008577649912821,33.84,0.0008145052104816,0.6370699537409398,0.0008187638882643,0.0008107228280302
13,2019-11,0.0009295017417769,33.84,0.0008577649912821,0.6371643560795441,0.0008107228280302,0.0008145052104816
13,2019-12,0.0009577301855955,33.84,0.0009295017417769,0.6365945610773868,0.0008145052104816,0.0008577649912821
13,2020-01,0.0,31.18,0.0009577301855955,0.6321466232761286,0.0008577649912821,0.0009295017417769
13,2022-01,0.0007317634724573,36.84,,0.608799194224879,,
13,2022-02,0.0007525754247522,36.84,0.0007317634724573,0.6017802798204731,,
13,2022-03,0.0007695759270048,36.84,0.0007525754247522,0.6003887520700365,,0.0007317634724573
13,2022-04,0.0007499269948655,38.64,0.0007695759270048,0.604731561335684,0.0007317634724573,0.0007525754247522
13,2022-05,0.0008673159757567,38.64,0.0007499269948655,0.6194649475707334,0.0007525754247522,0.0007695759270048
13,2022-06,0.0011690799899979,38.64,0.0008673159757567,0.6171604826918583,0.0007695759270048,0.0007499269948655
13,2022-07,0.0013914076503608,38.34,0.0011690799899979,0.601580279193522,0.0007499269948655,0.0008673159757567
13,2022-08,0.0014361111328426,38.34,0.0013914076503608,0.5972400352725878,0.0008673159757567,0.0011690799899979
13,2022-09,0.0015013232946573,38.34,0.0014361111328426,0.6127569868918341,0.0011690799899979,0.0013914076503608
13,2022-10,0.0014593530864426,37.48,0.0015013232946573,0.6027313556325745,0.0013914076503608,0.0014361111328426
13,2022-11,0.0015385807457377,37.48,0.0014593530864426,0.6015974139822128,0.0014361111328426,0.0015013232946573
13,2022-12,0.0014822341759575,37.48,0.0015385807457377,0.5943160082143698,0.0015013232946573,0.0014593530864426
13,2023-01,0.0026163381176475,38.28,0.0014822341759575,0.5882436587512225,0.0014593530864426,0.0015385807457377
13,2023-02,0.0027828591282216,38.28,0.0026163381176475,0.5792589600038918,0.0015385807457377,0.0014822341759575
13,2023-03,0.0030328545033906,38.28,0.0027828591282216,0.5936546328180988,0.0014822341759575,0.0026163381176475
13,2023-04,0.0029681620651455,39.96,0.0030328545033906,0.5847091379517779,0.0026163381176475,0.0027828591282216
13,2023-05,0.0033062968630437,39.96,0.0029681620651455,0.5943739640009034,0.0027828591282216,0.0030328545033906
13,2023-06,0.003400079933736,39.96,0.0033062968630437,0.5931377016337057,0.0030328545033906,0.0029681620651455
13,2023-07,0.0038565263506095,39.9,0.003400079933736,0.5865530700142434,0.0029681620651455,0.0033062968630437
13,2023-08,0.0040952963876287,39.9,0.0038565263506095,0.5853225445193779,0.0033062968630437,0.003400079933736
13,2023-09,0.0037983903951985,39.9,0.0040952963876287,0.5931137311512579,0.003400079933736,0.0038565263506095
13,2023-10,0.0040131415655719,41.6,0.0037983903951985,0.5864707018343105,0.0038565263506095,0.0040952963876287
13,2023-11,0.004137442047712,41.6,0.0040131415655719,0.5894953168435315,0.0040952963876287,0.0037983903951985
13,2023-12,0.004126740447445,41.6,0.004137442047712,0.5867679176415418,0.0037983903951985,0.0040131415655719
13,2024-01,0.0042621546331449,44.24,0.004126740447445,0.5872021174056996,0.0040131415655719,0.004137442047712
13,2024-02,0.0042036639999009,44.24,0.0042621546331449,0.577731991330332,0.004137442047712,0.004126740447445
13,2024-03,0.0048753280801852,44.24,0.0042036639999009,0.582371512162748,0.004126740447445,0.0042621546331449
13,2024-04,0.0047437579565895,46.78,0.0048753280801852,0.5882298760639586,0.0042621546331449,0.0042036639999009
13,2024-05,0.0052503675306181,46.78,0.0047437579565895,0.5902581864158187,0.0042036639999009,0.0048753280801852
13,2024-06,0.0051192929823085,46.78,0.0052503675306181,0.5870843309346736,0.0048753280801852,0.0047437579565895
13,2024-07,0.0056800086958842,46.04,0.0051192929823085,0.5872302452912253,0.0047437579565895,0.0052503675306181
13,2024-08,0.005686498803896,46.04,0.0056800086958842,0.5785536091287273,0.0052503675306181,0.0051192929823085
13,2024-09,0.0063361314734117,46.04,0.005686498803896,0.5940665500067179,0.0051192929823085,0.0056800086958842
13,2024-10,0.0060540618159832,44.19,0.0063361314734117,0.5889524906450856,0.0056800086958842,0.005686498803896
13,2024-11,0.0064429226252662,44.19,0.0060540618159832,0.5805937704076947,0.005686498803896,0.0063361314734117
13,2024-12,0.005528368889366,44.19,0.0064429226252662,0.5773651017372843,0.0063361314734117,0.0060540618159832
14,2019-01,0.0015584172606017,30.33,,0.6076693429861221,,
14,2019-02,0.0012274598241247,30.33,0.0015584172606017,0.6191643380744811,,
14,2019-03,0.0012766090128934,30.33,0.0012274598241247,0.6048153364676125,,0.0015584172606017
14,2019-04,0.0014820563319752,30.16,0.0012766090128934,0.6091618457632808,0.0015584172606017,0.0012274598241247
14,2019-05,0.0014144420151266,30.16,0.0014820563319752,0.6121700042749898,0.0012274598241247,0.0012766090128934
14,2019-06,0.001429646285047,30.16,0.0014144420151266,0.6187987579543659,0.0012766090128934,0.0014820563319752
14,2019-07,0.0014337111524641,29.67,0.001429646285047,0.6157529678055711,0.0014820563319752,0.0014144420151266
14,2019-08,0.001421225747971,29.67,0.0014337111524641,0.6226853348922535,0.0014144420151266,0.001429646285047
14,2019-09,0.0014916041097206,29.67,0.001421225747971,0.6199359196381319,0.001429646285047,0.0014337111524641
14,2019-10,0.0014723667175393,29.73,0.0014916041097206,0.6055582561668712,0.0014337111524641,0.001421225747971
14,2019-11,0.0016072267409885,29.73,0.0014723667175393,0.6140819105651342,0.001421225747971,0.0014916041097206
14,2019-12,0.0016938452649874,29.73,0.0016072267409885,0.6010749470279223,0.0014916041097206,0.0014723667175393
14,2020-01,0.0,30.61,0.0016938452649874,0.6096101741977064,0.0014723667175393,0.0016072267409885
14,2022-01,0.0015578675514928,31.5,,0.5336078478225208,,
14,2022-02,0.0017336651617784,31.5,0.0015578675514928,0.528225673825755,,
14,2022-03,0.0016268391371083,31.5,0.0017336651617784,0.5132225650366922,,0.0015578675514928
14,2022-04,0.0016145596124084,32.01,0.0016268391371083,0.5284872289426374,0.0015578675514928,0.0017336651617784
14,2022-05,0.0016772722744778,32.01,0.0016145596124084,0.5309730329884905,0.0017336651617784,0.0016268391371083
14,2022-06,0.0020270719897302,32.01,0.0016772722744778,0.538441394271452,0.0016268391371083,0.0016145596124084
14,2022-07,0.001837562209264,33.04,0.0020270719897302,0.5380200437707835,0.0016145596124084,0.0016772722744778
14,2022-08,0.0018493421359943,33.04,0.001837562209264,0.5308635960592024,0.0016772722744778,0.0020270719897302
14,2022-09,0.0019477743482824,33.04,0.0018493421359943,0.5393196345084408,0.0020270719897302,0.001837562209264
14,2022-10,0.0019712635220241,32.81,0.0019477743482824,0.5336450181439435,0.001837562209264,0.0018493421359943
14,2022-11,0.0019162790839318,32.81,0.0019712635220241,0.5297711754425753,0.0018493421359943,0.0019477743482824
14,2022-12,0.0023309181277575,32.81,0.0019162790839318,0.5289658679429545,0.0019477743482824,0.0019712635220241
14,2023-01,0.0045658970400789,33.88,0.0023309181277575,0.5298927783422205,0.0019712635220241,0.0019162790839318
14,2023-02,0.004378527668241,33.88,0.0045658970400789,0.5092302155976864,0.0019162790839318,0.0023309181277575
14,2023-03,0.0049330114644386,33.88,0.004378527668241,0.5110774094889858,0.0023309181277575,0.0045658970400789
14,2023-04,0.0046134058253503,34.61,0.0049330114644386,0.5253274786394637,0.0045658970400789,0.004378527668241
14,2023-05,0.0048768288238306,34.61,0.0046134058253503,0.5180037098276483,0.004378527668241,0.0049330114644386
14,2023-06,0.0048679910943159,34.61,0.0048768288238306,0.5281744486631511,0.0049330114644386,0.0046134058253503
14,2023-07,0.0048064888710665,34.68,0.0048679910943159,0.5246364385732054,0.0046134058253503,0.0048768288238306
14,2023-08,0.0048766428166265,34.68,0.0048064888710665,0.5199778528398044,0.0048768288238306,0.0048679910943159
14,2023-09,0.0049582981672774,34.68,0.0048766428166265,0.5315470684299614,0.0048679910943159,0.0048064888710665
14,2023-10,0.0048187666485867,35.41,0.0049582981672774,0.5178456092261855,0.0048064888710665,0.0048766428166265
14,2023-11,0.005070562501517,35.41,0.0048187666485867,0.5231745720701417,0.0048766428166265,0.0049582981672774
14,2023-12,0.0051297990397004,35.41,0.005070562501517,0.5186146214761502,0.0049582981672774,0.0048187666485867
14,2024-01,0.0053140160239708,38.11,0.0051297990397004,0.5086898501777448,0.0048187666485867,0.005070562501517
14,2024-02,0.0047487885874147,38.11,0.0053140160239708,0.517223298780101,0.005070562501517,0.0051297990397004
14,2024-03,0.0053915796165087,38.11,0.0047487885874147,0.5066527352369036,0.0051297990397004,0.0053140160239708
14,2024-04,0.0057546907715833,39.48,0.0053915796165087,0.5126783301636794,0.0053140160239708,0.0047487885874147
14,2024-05,0.0062223654702557,39.48,0.0057546907715833,0.5090389216617884,0.0047487885874147,0.0053915796165087
14,2024-06,0.0063709350239907,39.48,0.0062223654702557,0.5162907126286225,0.0053915796165087,0.0057546907715833
14,2024-07,0.0067973885415675,40.62,0.0063709350239907,0.5108373670630492,0.0057546907715833,0.0062223654702557
14,2024-08,0.00673332030627,40.62,0.0067973885415675,0.5108849319339256,0.0062223654702557,0.0063709350239907
14,2024-09,0.0075622967333968,40.62,0.00673332030627,0.5140345257653057,0.0063709350239907,0.0067973885415675
14,2024-10,0.007672483909747,39.97,0.0075622967333968,0.5108936163212238,0.0067973885415675,0.00673332030627
14,2024-11,0.0080796534924231,39.97,0.007672483909747,0.5079170565770929,0.00673332030627,0.0075622967333968
14,2024-12,0.0076647940241232,39.97,0.0080796534924231,0.5014124390035369,0.0075622967333968,0.007672483909747
16,2019-01,0.0006996950152903,29.79,,0.5962556819347714,,
16,2019-02,0.0006285874270849,29.79,0.0006996950152903,0.6300841349383045,,
16,2019-03,0.000649210851312,29.79,0.0006285874270849,0.6008291489397645,,0.0006996950152903
16,2019-04,0.000638038703932,29.39,0.000649210851312,0.6070492718338308,0.0006996950152903,0.0006285874270849
16,2019-05,0.0006945336486164,29.39,0.000638038703932,0.6060722672423772,0.0006285874270849,0.000649210851312
16,2019-06,0.0007200253826751,29.39,0.0006945336486164,0.6222613611843735,0.000649210851312,0.000638038703932
16,2019-07,0.0008252540306002,30.87,0.0007200253826751,0.6055295230490898,0.000638038703932,0.0006945336486164
16,2019-08,0.0007758267598231,30.87,0.0008252540306002,0.6172937434806928,0.0006945336486164,0.0007200253826751
16,2019-09,0.0007724663844898,30.87,0.0007758267598231,0.6173400634773819,0.0007200253826751,0.0008252540306002
16,2019-10,0.0007611385313566,27.74,0.0007724663844898,0.6056608454198366,0.0008252540306002,0.0007758267598231
16,2019-11,0.0008263831682647,27.74,0.0007611385313566,0.6149641125500712,0.0007758267598231,0.0007724663844898
16,2019-12,0.000873089431762,27.74,0.0008263831682647,0.5949125665449665,0.0007724663844898,0.0007611385313566
16,2020-01,0.0,27.32,0.000873089431762,0.6220274976539573,0.0007611385313566,0.0008263831682647
16,2022-01,0.0010448611872069,30.48,,0.5390677902381805,,
16,2022-02,0.0010621361451176,30.48,0.0010448611872069,0.5399681937139921,,
16,2022-03,0.0014200894075275,30.48,0.0010621361451176,0.5285321119304119,,0.0010448611872069
16,2022-04,0.0013406291777728,32.74,0.0014200894075275,0.5469132330866578,0.0010448611872069,0.0010621361451176
16,2022-05,0.0011978153869595,32.74,0.0013406291777728,0.5399028300199344,0.0010621361451176,0.0014200894075275
16,2022-06,0.0019217952918051,32.74,0.0011978153869595,0.5668016024382452,0.0014200894075275,0.0013406291777728
16,2022-07,0.0021896995430602,33.63,0.0019217952918051,0.5557570008322892,0.0013406291777728,0.0011978153869595
16,2022-08,0.0022487470653697,33.63,0.0021896995430602,0.548334460344092,0.0011978153869595,0.0019217952918051
16,2022-09,0.0025322275190548,33.63,0.0022487470653697,0.5696687087082346,0.0019217952918051,0.0021896995430602
16,2022-10,0.0022928486952375,32.5,0.0025322275190548,0.5607382940945559,0.0021896995430602,0.0022487470653697
16,2022-11,0.0023477508735735,32.5,0.0022928486952375,0.5592572022239172,0.0022487470653697,0.0025322275190548
16,2022-12,0.0025055711432101,32.5,0.0023477508735735,0.5509345833466721,0.0025322275190548,0.0022928486952375
16,2023-01,0.0037084939027609,33.04,0.0025055711432101,0.5616842989708183,0.0022928486952375,0.0023477508735735
16,2023-02,0.0043241668284016,33.04,0.0037084939027609,0.5400600917494781,0.0023477508735735,0.0025055711432101
16,2023-03,0.0047623898604078,33.04,0.0043241668284016,0.5458053055331514,0.0025055711432101,0.0037084939027609
16,2023-04,0.0043523657512889,34.08,0.0047623898604078,0.5597518124234306,0.0037084939027609,0.0043241668284016
16,2023-05,0.004825996960935,34.08,0.0043523657512889,0.5543141784571515,0.0043241668284016,0.0047623898604078
16,2023-06,0.0049200338253898,34.08,0.004825996960935,0.5720514914371431,0.0047623898604078,0.0043523657512889
16,2023-07,0.0046108623973082,34.24,0.0049200338253898,0.5668599714446476,0.0043523657512889,0.004825996960935
16,2023-08,0.0044003537724077,34.24,0.0046108623973082,0.5574350765015226,0.004825996960935,0.0049200338253898
16,2023-09,0.0047407596657443,34.24,0.0044003537724077,0.5801715366589859,0.0049200338253898,0.0046108623973082
16,2023-10,0.0044281216697028,34.83,0.0047407596657443,0.564409264160155,0.0046108623973082,0.0044003537724077
16,2023-11,0.004736877336195,34.83,0.0044281216697028,0.5729631063651447,0.0044003537724077,0.0047407596657443
16,2023-12,0.0046182708158456,34.83,0.004736877336195,0.5625954357326556,0.0047407596657443,0.0044281216697028
16,2024-01,0.0046474099188984,36.08,0.0046182708158456,0.5519356187054726,0.0044281216697028,0.004736877336195
16,2024-02,0.0036295556142111,36.08,0.0046474099188984,0.5714098754776354,0.004736877336195,0.0046182708158456
16,2024-03,0.0045006541779689,36.08,0.0036295556142111,0.5586464422692072,0.0046182708158456,0.0046474099188984
16,2024-04,0.0041229930102836,38.52,0.0045006541779689,0.5615382704002223,0.0046474099188984,0.0036295556142111
16,2024-05,0.0046212557420291,38.52,0.0041229930102836,0.563495835178061,0.0036295556142111,0.0045006541779689
16,2024-06,0.0044315423398033,38.52,0.0046212557420291,0.5749615394918729,0.0045006541779689,0.0041229930102836
16,2024-07,0.0047379565458502,38.86,0.0044315423398033,0.5639967770081261,0.0041229930102836,0.0046212557420291
16,2024-08,0.0045134346563584,38.86,0.0047379565458502,0.5715396737184923,0.0046212557420291,0.0044315423398033
16,2024-09,0.0045195193797691,38.86,0.0045134346563584,0.5767321345716447,0.0044315423398033,0.0047379565458502
16,2024-10,0.0042768489843364,37.6,0.0045195193797691,0.5707302998054656,0.0047379565458502,0.0045134346563584
16,2024-11,0.0044172516698387,37.6,0.0042768489843364,0.5756222613233352,0.0045134346563584,0.0045195193797691
16,2024-12,0.0040221615765394,37.6,0.0044172516698387,0.5564100631731643,0.0045195193797691,0.0042768489843364
